ID,ALOGP,MLOGP,LOGP99,LOGPcons,ESOL,Hy,TPSA(NO),TPSA(Tot),Probability of gelator
445132,-3.2962,-2.27633097744302,-2.98909986019135,-2.85387694587812,0.285330600439417,3.04784186817465,182.93,192.74,Top 10%
92252368,-2.0988,-1.88265112355013,-2.71979980915785,-2.23375031090266,0.128902715766446,3.24409984841398,157.64,157.64,Top 10%
21826754,-2.0988,-1.88265112355013,-2.71979980915785,-2.23375031090266,0.128902715766446,3.24409984841398,157.64,157.64,Top 10%
131876227,-1.8929,-1.56544285986653,-2.37759982049465,-1.94531422678706,-0.155451926609779,2.24499973824897,146.78,146.78,Top 10%
293725,-1.596,-0.654956749867636,-1.22339985519648,-1.1581188683547,-0.646245505361835,1.29651969279551,132.51,132.51,Top 10%
25075887,-1.596,-0.654956749867636,-1.22339985519648,-1.1581188683547,-0.646245505361835,1.29651969279551,132.51,132.51,Top 10%
25075886,-2.3623,-1.37849684057698,-2.25259983539581,-1.99779889199093,-0.159507568958293,2.09366730201316,152.74,152.74,Top 10%
137202792,-3.1316,-0.806835449927642,-3.30379997193813,-2.41407847395526,-0.24475453907505,4.82161328541847,218.93,228.74,Top 10%
6323540,-3.0703,-1.82787864406165,-3.17589985579252,-2.69135949995139,-0.058321507033734,4.78047503815375,201.84,211.65,Top 10%
5698,-3.0703,-1.82787864406165,-3.17589985579252,-2.69135949995139,-0.058321507033734,4.78047503815375,201.84,211.65,Top 10%
136927403,-3.221,-0.609878644061651,-2.69879996031523,-2.17655953479229,-0.403652682854148,4.78047503815375,206.04,215.85,Top 10%
135625234,-3.221,-0.609878644061651,-2.69879996031523,-2.17655953479229,-0.403652682854148,4.78047503815375,206.04,215.85,Top 10%
135460966,-3.221,-0.609878644061651,-2.69879996031523,-2.17655953479229,-0.403652682854148,4.78047503815375,206.04,215.85,Top 10%
3036471,,-1.13377831626699,-0.724899858236313,-0.929339087251652,-1.00441867344735,2.16501389783424,199.84,209.65,Top 10%
1190,-3.2442,-1.42187864406165,-2.11309992522001,-2.25972618976055,-0.351815024306174,3.84231224135251,199.99,209.8,Top 10%
73323,-3.2442,-1.42187864406165,-2.11309992522001,-2.25972618976055,-0.351815024306174,3.84231224135251,199.99,209.8,Top 10%
122280,-3.2442,-1.42187864406165,-2.11309992522001,-2.25972618976055,-0.351815024306174,3.84231224135251,199.99,209.8,Top 10%
5271259,-1.1774,-0.269184464432855,-0.656079865992069,-0.700888110141641,-1.21139819701625,1.20339037053158,130.58,130.58,Top 10%
448231,-2.3948,-1.15144285986653,-1.4864998832345,-1.67758091436701,-0.351138845429294,2.22314825907093,145.63,155.44,Top 10%
135567131,-3.9889,-1.04745011488725,-3.81879986822605,-2.95171666103777,0.118931362760211,5.69838594433747,226.01,235.82,Top 10%
54235934,-2.4302,-0.437808084788848,-1.10539989173412,-1.32446932550766,-0.776498288097685,3.07972716114979,151.08,199.69,Top 10%
45052491,-2.0003,-0.998152600733958,-1.53849989175797,-1.51231749749731,-0.573771656736868,2.20262527986851,145.63,155.44,Top 10%
448782,-2.0003,-0.998152600733958,-1.53849989175797,-1.51231749749731,-0.573771656736868,2.20262527986851,145.63,155.44,Top 10%
54237496,-2.0003,-0.998152600733958,-1.53849989175797,-1.51231749749731,-0.573771656736868,2.20262527986851,145.63,155.44,Top 10%
3081517,-3.1965,-1.16134817549819,-2.13459987193346,-2.16414934914389,-0.289760351694143,3.96557229382929,171.31,219.92,Top 10%
150959,-3.2417,-1.65153924112662,-2.91999986022711,-2.60441303378458,0.202262645446496,3.12662954477176,184.2,194.01,Top 10%
92264349,-2.4859,-2.45061822751198,-3.10609985142946,-2.68087269298048,0.445145648928454,2.26835063788918,136.4,136.4,Top 10%
512869,-2.4859,-2.45061822751198,-3.10609985142946,-2.68087269298048,0.445145648928454,2.26835063788918,136.4,136.4,Top 10%
145681,-1.9419,-0.685442859866533,-1.3522998765111,-1.32654757879254,-0.472755980317974,1.40654454326346,150.37,150.37,Top 10%
169295,-2.8824,-0.943870292336113,-1.79379986971617,-1.87335672068409,-0.271210435845239,2.13847744039081,168.15,177.96,Top 10%
439424,-3.7425,-1.83534817549819,-2.69179984182119,-2.75654933910646,0.313785241339886,4.01075890383385,182.17,191.98,Top 10%
515216,-1.46,-0.540998900069498,-0.96449988335371,-0.988499594474403,-0.931804138577621,1.24961730917354,130.58,130.58,Top 10%
440416,-3.1611,-1.87498295057588,-2.51569986343384,-2.51726093800324,0.135599090974248,3.07972716114979,165.86,175.67,Top 10%
91669385,-1.5912,-0.700936003466788,-1.11309987306595,-1.13507862551091,-1.20097543389543,2.20262527986851,145.63,155.44,Top 10%
3081384,-2.3451,-1.11685309428094,-1.57779994606972,-1.67991768011689,-0.85062212999888,3.84231224135251,182.92,224.82,Top 10%
16721025,-2.1257,-0.134422749748454,-0.796399906277657,-1.01884088534204,-1.00282442557263,2.20262527986851,151.08,160.89,Top 10%
54443874,-3.905,-1.84294564240263,-3.02959983795881,-2.92584849345381,0.351098854456947,3.88034099249188,191.54,201.35,Top 10%
150856,-3.3509,-1.00805791636562,-2.09489987045527,-2.1512859289403,-0.214207565315435,3.04784186817465,171.31,181.12,Top 10%
136229819,-3.5106,-0.609878644061651,-2.73240002244711,-2.28429288883625,-0.323005735147639,5.75745113728607,211.83,221.64,Top 10%
8642,-2.5846,-0.284517825656273,-1.06569989025593,-1.31160590530407,-0.700945501718977,2.20262527986851,151.08,160.89,Top 10%
449405,-2.5846,-0.284517825656273,-1.06569989025593,-1.31160590530407,-0.700945501718977,2.20262527986851,151.08,160.89,Top 10%
188276,-1.2791,0.279847399266042,-0.443499907851219,-0.480917502861726,-1.06756325301396,0.655856637920385,139.37,139.37,Top 10%
71374245,-3.6487,-1.66085309428094,-2.8229998499155,-2.71085098139881,0.214010581090778,2.97499255035967,188.38,198.19,Top 10%
10859187,-2.7082,-1.40898295057588,-2.38149985671043,-2.16622760242877,0.0139819560855678,2.22314825907093,170.6,170.6,Top 10%
499785,-3.1039,-1.1259628404578,-2.03559991717339,-2.08848758587706,-0.228149615401318,3.92076215545164,177.1,186.91,Top 10%
20584074,-3.2018,-2.0759628404578,-3.5408997759223,-2.93955420546003,0.384490618589263,3.96385652021187,173.43,173.43,Top 10%
3082183,-3.2018,-2.0759628404578,-3.5408997759223,-2.93955420546003,0.384490618589263,3.96385652021187,173.43,173.43,Top 10%
15276861,-1.9323,-0.848057524826139,-1.24049987643957,-1.3402858004219,-0.669401654507198,2.15572289624653,145.63,155.44,Top 10%
136025255,-3.0266,-0.572853094280941,-1.98519991338253,-1.86155100255449,-0.535654039009792,2.97499255035967,180.02,189.83,Top 10%
26974701,-3.1953,-1.05997119218334,-3.97449990361929,-2.74325703193421,0.0581403801623419,4.78047503815375,199.53,209.34,Top 10%
15956150,-1.9131,-0.718758874553706,-1.59059984236956,-1.40748623897442,-0.405064550151752,1.30308371403265,107.79,107.79,Top 10%
77280370,-2.3575,-1.42447609417613,-2.14229985326529,-1.97475864914714,-0.714237497491885,3.04784186817465,165.86,175.67,Top 10%
135554439,-3.1316,-0.806835449927642,-3.30379997193813,-2.41407847395526,-0.24475453907505,4.82161328541847,218.93,228.74,Top 10%
53657227,-1.4071,-0.196864201745949,-1.35949987708591,-0.987821359610619,-0.96183197643023,2.09366730201316,151.08,160.89,Top 10%
137699365,-2.0038,-1.74123289247159,-2.29279985278845,-2.01261091508668,-0.00280802492984455,2.19326932363356,136.4,136.4,Top 10%
3035986,-1.6855,0.0403068066982784,-0.264899909496307,-0.636697700932677,-1.26575179555272,2.20262527986851,134.01,175.91,Top 10%
173266,-3.4446,-2.0173012283891,-3.35799989849329,-2.93996704229413,0.354837127352128,3.96385652021187,167.87,167.87,Top 10%
77518952,-2.4082,-2.06605752482614,-3.69659981131554,-2.72361911204723,0.318511663760775,3.06458141798926,143.72,143.72,Top 10%
21122981,-2.6683,-0.839539241126619,-2.67899993807077,-2.06227972639913,-0.168097869879003,4.05766128745582,190.25,200.06,Top 10%
163285485,-2.6683,-0.839539241126619,-2.67899993807077,-2.06227972639913,-0.191857869879003,4.05766128745582,190.25,200.06,Top 10%
539847,-1.3149,-0.617348175498194,-2.81449982523918,-1.58224933357913,-0.467418962496086,2.22314825907093,154.97,154.97,Top 10%
10308414,-2.3363,-1.10859152494532,-3.3611997961998,-2.26869710704837,-0.0813842077084284,2.98592239390585,142.12,142.12,Top 10%
10402220,,-0.823378538910894,-0.285699836909771,-0.554539187910333,-1.04088980359023,1.29651969279551,153.31,153.31,Top 10%
125224,-2.8424,-1.6113012283891,-2.75869984179735,-2.40413369006215,-0.0229112190968666,3.03282477752782,162.08,162.08,Top 10%
16755631,-2.7156,-0.402422749748454,-2.2367999330163,-1.78494089425492,-0.336571019387087,0.612331685632013,156.74,166.55,Top 10%
6481845,-1.5918,-0.110956749867635,-0.582699872553349,-0.761818874140328,-1.04291770134661,2.09366730201316,151.08,160.89,Top 10%
45052555,-1.8262,-1.28013161565467,-2.10219987481833,-1.736177163491,-1.16181304853725,3.04784186817465,165.86,175.67,Top 10%
71371786,-2.4109,-0.134422749748454,-1.11769989877939,-1.22100754950928,-0.871760760640558,2.18328757876846,151.08,160.89,Top 10%
174519,-2.4109,-0.134422749748454,-1.11769989877939,-1.22100754950928,-0.871760760640558,2.18328757876846,151.08,160.89,Top 10%
10492375,-2.1195,-1.0275981173939,-2.02509985119104,-1.72406598952832,-0.190938203267349,2.19326932363356,141.85,141.85,Top 10%
6333525,-2.574,-1.30033020162677,-1.55932986736298,-1.81122002299658,-0.102753304040372,2.17394953686026,154.86,154.86,Top 10%
92228821,-2.0541,-1.73495674986764,-2.80059985071421,-2.19655220019395,-0.217535630208257,2.98592239390585,144.45,144.45,Top 10%
23724732,-2.0541,-1.73495674986764,-2.80059985071421,-2.19655220019395,-0.217535630208257,2.98592239390585,144.45,144.45,Top 10%
171255,-2.7302,-0.834496840576981,-1.34629987180233,-1.63699890412644,-0.431542760536252,2.07922187368829,160.31,170.12,Top 10%
503020,-1.8743,-0.255301228389103,-1.02479988336563,-1.05146703725158,-0.965661876147404,2.13847744039081,151.08,160.89,Top 10%
10687208,-2.048,-0.402422749748454,-0.972799874842167,-1.14107420819687,-0.795534499511369,2.15572289624653,151.08,160.89,Top 10%
9700,-2.048,-0.402422749748454,-0.972799874842167,-1.14107420819687,-0.795534499511369,2.15572289624653,151.08,160.89,Top 10%
444919,-2.048,-0.402422749748454,-0.972799874842167,-1.14107420819687,-0.795534499511369,2.15572289624653,151.08,160.89,Top 10%
25113134,-2.048,-0.402422749748454,-0.972799874842167,-1.14107420819687,-0.795534499511369,2.15572289624653,151.08,160.89,Top 10%
488242,,-1.73240429245529,-1.43849982321262,-1.58545205783396,-0.333556271863231,2.09366730201316,173.54,173.54,Top 10%
451844,,-0.740864201745949,-0.272599838674068,-0.506732020210009,-1.08030797797425,0.565429302010042,136.32,136.32,Top 10%
13989276,,-0.740864201745949,-0.272599838674068,-0.506732020210009,-1.08030797797425,0.565429302010042,136.32,136.32,Top 10%
135464486,-3.0785,-0.849371974858933,-2.24979997426271,-2.05922398304055,-0.635121632692935,3.69646219270048,195.04,204.85,Top 10%
65063,-2.4944,-0.705808084788848,-1.36289987713099,-1.52103598730661,-0.447661024809211,2.22314825907093,151.08,160.89,Top 10%
14803227,-2.6794,-1.45776689259077,-2.61979982256889,-2.25232223838655,0.0852516334402693,2.12475081464959,128.02,128.02,Top 10%
196324,-3.0146,-0.8579628404578,-1.70139987766743,-1.85798757270841,-0.486416624540363,2.97499255035967,171.31,206.42,Top 10%
71351190,-2.4355,-1.35242274974845,-2.51169979572296,-2.09987418182381,-0.102247317814279,3.06458141798926,153.2,153.2,Top 10%
45052344,-1.8301,-1.3229834524343,-1.045429892838,-1.3995044484241,-0.320423912793674,1.41510478347846,129.18,129.18,Top 10%
164933,-3.2018,-2.0759628404578,-3.5408997759223,-2.93955420546003,0.384490618589263,3.96385652021187,173.43,173.43,Top 10%
20832934,,-2.05925562737651,-1.87109982967377,-1.96517772852514,-0.101666656403554,2.22314825907093,173.54,173.54,Top 10%
54136175,-2.1336,-0.809124099476021,-1.52069985866547,-1.48780798604716,-0.343081257683269,1.30308371403265,121.62,121.62,Top 10%
92233230,-2.1336,-0.809124099476021,-1.52069985866547,-1.48780798604716,-0.343081257683269,1.30308371403265,121.62,121.62,Top 10%
444281,-1.7632,-1.15144285986653,-1.23059989511967,-1.3817475849954,-0.748867176013192,3.07972716114979,145.63,194.24,Top 10%
4555041,-1.8611,-1.3309834524343,-1.29911985713989,-1.49706776985806,-0.246474967718505,1.41510478347846,132.7,132.7,Top 10%
193604,-3.0033,-0.609878644061651,-2.0332999303937,-1.88215952481845,-0.624091289775996,4.78047503815375,206.04,215.85,Top 10%
10424498,,-1.31454825025649,0.476100154221058,-0.419224048017718,-1.1286785106757,0.659234069253984,181.84,181.84,Top 10%
150621,-2.1676,-0.844685175264659,-1.68969994038343,-1.5673283718827,-0.321594109913407,2.26835063788918,127.41,127.41,Top 10%
139025117,-2.4339,-1.62042274974845,-2.23009991645813,-2.09480755540219,-0.232303556550876,3.06458141798926,153.46,153.46,Top 10%
6560138,-2.4339,-1.62042274974845,-2.23009991645813,-2.09480755540219,-0.202513556550876,3.06458141798926,153.46,153.46,Top 10%
64959,-2.4339,-1.62042274974845,-2.23009991645813,-2.09480755540219,-0.202513556550876,3.06458141798926,153.46,153.46,Top 10%
92242756,-1.5654,-0.438685175264659,-1.0903998836875,-1.03149501965072,-0.699342456362401,1.41510478347846,121.62,121.62,Top 10%
21765593,-1.5654,-0.438685175264659,-1.0903998836875,-1.03149501965072,-0.699342456362401,1.41510478347846,121.62,121.62,Top 10%
5289071,-2.8522,-1.1259628404578,-1.73799987137318,-1.90538757061033,-0.261101025996433,2.13847744039081,160.31,170.12,Top 10%
125739,-0.305199999999997,0.310611134346043,-0.232299849390984,-0.0756295716816459,-1.50409307725294,1.25069414495336,104.55,104.55,Top 10%
135509071,-3.1234,-0.102505192302519,-3.63909988850355,-2.28833502693536,-0.341755491306861,4.69371689712189,194.7,204.51,Top 10%
4369196,-2.3451,-1.11685309428094,-1.9481999501586,-1.80338434814651,-0.764936262386319,3.84231224135251,182.92,224.82,Top 10%
25049744,-3.4216,-1.66085309428094,-2.49831986043137,-2.52692431823744,0.00436547685678068,2.97499255035967,195.1,204.91,Top 10%
376367,-1.9737,-0.809124099476021,-1.65509986132383,-1.47930798693328,-0.3309802570683,1.30308371403265,116.91,116.91,Top 10%
135398701,-2.8412,-0.724412644180833,-3.2692998945713,-2.27830417958405,-0.420056899368671,4.69371689712189,197.03,206.84,Top 10%
18658061,-1.8353,-1.03969319330172,-0.385699905455112,-1.08689769958561,-0.760892996487585,1.39829031158536,130.85,140.66,Top 10%
146674821,-1.6273,-1.34187029233611,-3.30672983825207,-2.09196671019606,-0.185735103123934,3.03282477752782,167.9,167.9,Top 10%
45051593,,-2.05380808478885,-1.31469985097647,-1.68425396788266,-0.212747746289435,1.40654454326346,147.86,147.86,Top 10%
5272849,-1.5207,-1.0900395693914,-1.53289985330775,-1.38121314089972,-0.611718080215596,1.29651969279551,130.49,138.87,Top 10%
89486753,-3.0344,-1.78449684057698,-3.08019983023405,-2.63303222360368,0.363704363180953,2.95822159141935,171.31,171.31,Top 10%
13832344,-1.0715,-0.437718205231806,-1.26149982959032,-0.923572678274041,-1.01162056127781,2.06191812900259,124.78,124.78,Top 10%
11065431,-1.1204,-0.483598117393902,-1.25739984214306,-0.953799319845653,-0.801623272027116,1.35481412864805,121.85,121.85,Top 10%
65372,-1.6676,-0.889598117393902,-1.20089993625879,-1.25269935121756,-0.696028755518167,2.19326932363356,133.23,133.23,Top 10%
488243,,-1.45136362313339,-0.784399837255478,-1.11788173019444,-0.64223007924506,1.24650687427233,162.54,162.54,Top 10%
495034,-3.488,-2.16442274974845,-3.65359988808632,-3.10200754594492,0.675233236885778,4.00995492783762,167.87,167.87,Top 10%
135398631,-3.221,-0.609878644061651,-2.69879996031523,-2.17655953479229,-0.403652682854148,4.78047503815375,206.04,215.85,Top 10%
137015000,-3.221,-0.609878644061651,-2.69879996031523,-2.17655953479229,-0.415688682854148,4.78047503815375,206.04,215.85,Top 10%
136238529,-3.221,-0.609878644061651,-2.69879996031523,-2.17655953479229,-0.433352682854148,4.78047503815375,206.04,215.85,Top 10%
163284925,-3.221,-0.609878644061651,-2.69879996031523,-2.17655953479229,-0.415610682854148,4.78047503815375,206.04,215.85,Top 10%
137208277,-3.221,-0.609878644061651,-2.69879996031523,-2.17655953479229,-0.403652682854148,4.78047503815375,206.04,215.85,Top 10%
515111,-0.4774,0.131576291233529,-0.201999872922897,-0.182607860563123,-1.96024469022374,1.24820050890923,130.58,130.58,Top 10%
5319815,-2.228,-1.32895674986764,-1.88789992779493,-1.81495222588752,-0.476306012376916,2.10882051262456,142.6,142.6,Top 10%
45051931,-0.644500000000001,-0.360122147857761,-0.626299902796745,-0.543640683551502,-0.870153365615257,0.634446342518557,78.87,78.87,Top 10%
93036,-2.0417,0.0126987716108966,-0.640299871563911,-0.889767033317672,-1.35910167887754,2.20262527986851,151.08,160.89,Top 10%
125495767,-1.9242,-1.61487729346509,-2.28509985655546,-1.94139238334019,0.0158263140380894,2.29340734281707,119.33,119.33,Top 10%
129391409,-1.9242,-1.61487729346509,-2.28509985655546,-1.94139238334019,0.0158263140380894,2.29340734281707,119.33,119.33,Top 10%
135464489,-3.6593,-0.393971192183338,-3.98129987716675,-2.67819035645003,0.0129841073763206,5.75745113728607,203.49,213.3,Top 10%
188215,,-1.30033020162677,-0.799399845302105,-1.04986502346444,-0.62507367371568,1.3490915893747,153.31,153.31,Top 10%
156594227,-1.7215,-1.7174919584247,-1.97859986871481,-1.80586394237984,-0.0624104239883931,1.3605693660668,108.33,108.33,Top 10%
156594089,-0.413999999999998,-0.396655949644133,-0.721399858593941,-0.510685269412691,-1.03362442302759,1.25135329941724,99.1,99.1,Top 10%
13248213,-1.516,-1.2088772934651,-1.51089984923601,-1.4119257142337,-0.34574355432181,1.4239907009387,102.34,102.34,Top 10%
13248214,-1.516,-1.2088772934651,-1.51089984923601,-1.4119257142337,-0.345743554321811,1.4239907009387,102.34,102.34,Top 10%
54089955,-2.671,-1.59191608054574,-2.34539991617203,-2.20277199890592,0.08280376724071,2.04885716363551,145.87,145.87,Top 10%
71628825,-1.9564,-1.81422487443452,-2.17849986255169,-1.9830415789954,0.0726708558228111,1.3605693660668,116.17,116.17,Top 10%
68517003,-1.1149,-0.680818473158517,-1.37189986556768,-1.0558727795754,-0.496544290974672,1.49438745077486,117.44,117.44,Top 10%
71402186,-3.236,-3.08470994385671,-4.34349981695414,-3.55473658693695,0.943487191334243,4.11118102534416,159.79,159.79,Top 10%
46705354,,-1.3229834524343,-0.28549987077713,-0.804241661605714,-0.727476286845634,0.647019614359211,127.63,127.63,Top 10%
6030,-3.2607,-1.42934817549819,-2.39209985733032,-2.36071601094284,0.0390769115943306,3.07972716114979,171.31,181.12,Top 10%
71752893,-3.2607,-1.42934817549819,-2.39209985733032,-2.36071601094284,0.00928691159433082,3.07972716114979,171.31,181.12,Top 10%
25074417,-3.2607,-1.42934817549819,-2.39209985733032,-2.36071601094284,0.0271969115943305,3.07972716114979,171.31,181.12,Top 10%
90469779,-3.2607,-1.42934817549819,-2.39209985733032,-2.36071601094284,0.0271189115943307,3.07972716114979,171.31,181.12,Top 10%
44403842,-1.19,-1.11925769475467,-1.65549988299608,-1.32158585925025,-0.426259413680325,1.4239907009387,99.1,99.1,Top 10%
71302534,-1.19,-1.11925769475467,-1.65549988299608,-1.32158585925025,-0.426259413680325,1.4239907009387,99.1,99.1,Top 10%
156594990,-1.19,-1.11925769475467,-1.65549988299608,-1.32158585925025,-0.426259413680325,1.4239907009387,99.1,99.1,Top 10%
45039260,-1.19,-1.11925769475467,-1.65549988299608,-1.32158585925025,-0.426259413680325,1.4239907009387,99.1,99.1,Top 10%
12803287,-2.8143,-1.1259628404578,-2.0019998550415,-1.9807542318331,-0.308796563107827,3.003031729797,171.31,181.12,Top 10%
14842998,,-0.685378538910894,-0.0180998370051384,-0.351739187958016,-1.17575300355714,0.565429302010042,141.95,141.95,Top 10%
18658060,-2.1691,-1.03969319330172,-1.01769993454218,-1.40883104261463,-0.531411256425444,0.655856637920385,133.68,143.49,Top 10%
121487517,-3.2153,-1.74923289247159,-2.96199981123209,-2.64217756790123,0.439991232123452,3.09855027102212,136.81,136.81,Top 10%
101609,-3.2607,-1.42934817549819,-2.39209985733032,-2.36071601094284,0.0390769115943306,3.07972716114979,171.31,181.12,Top 10%
145710203,-2.0732,-1.75587029233611,-3.04969983547926,-2.29292337593846,-0.0521511770987104,2.15572289624653,167.63,167.63,Top 10%
156594224,,-2.05380808478885,-1.31469985097647,-1.68425396788266,-0.212747746289435,1.40654454326346,147.86,147.86,Top 10%
71410159,-4.4342,-1.47233097744302,-2.86469998210669,-2.92374365318324,0.345578095309167,5.93195742825196,203.38,213.19,Top 10%
76844781,-3.1859,-2.75988531150216,-3.69549989700317,-3.21376173616844,0.8087306449009,4.16735094022812,145.35,145.35,Top 10%
15954436,-2.449,-1.01022487443452,-1.93279983103275,-1.79734156848909,-0.0503249514685693,2.21381522047752,116.58,116.58,Top 10%
13042007,-2.296,-2.20059505236958,-3.36629984527826,-2.62096496588262,0.283509686322535,3.15028068563753,139.56,139.56,Top 10%
191942,-3.7593,-1.57494564240263,-2.41799985617399,-2.58408183285887,0.113912792004059,2.97499255035967,180.54,190.35,Top 10%
129678678,-2.9917,-1.63573641998678,-2.84919982403517,-2.49221208134065,-0.000504815549589477,1.99342984954233,137.25,137.25,Top 10%
18596452,-3.0151,-0.318412644180832,-2.35659997165203,-1.89670420527762,-0.67882728153733,3.76691722101609,195.18,204.99,Top 10%
77520054,-2.4196,-2.02087729346509,-2.66629991680384,-2.36892573675631,0.31841446130888,3.23203834461062,125.12,125.12,Top 10%
451393,,-1.03233020162677,-0.187799863517284,-0.610065032572026,-0.930294867395013,0.606657915709718,142.31,142.31,Top 10%
5496661,-1.3687,-0.998152600733958,-1.28259990364313,-1.2164841681257,-0.971499987320766,3.04784186817465,145.63,194.24,Top 10%
121487445,,-2.02387029233611,-1.82859982550144,-1.92623505891878,-0.112872869110368,2.15572289624653,173.54,173.54,Top 10%
5289468,-1.5845,-1.27254795388725,-1.60349987447262,-1.48684927611995,-0.203626602372751,1.4332248152453,99.1,99.1,Top 10%
5273010,-1.5845,-1.27254795388725,-1.60349987447262,-1.48684927611995,-0.203626602372751,1.4332248152453,99.1,99.1,Top 10%
45038843,-1.5845,-1.27254795388725,-1.60349987447262,-1.48684927611995,-0.203626602372751,1.4332248152453,99.1,99.1,Top 10%
3605363,-1.5845,-1.27254795388725,-1.60349987447262,-1.48684927611995,-0.203626602372751,1.4332248152453,99.1,99.1,Top 10%
6320189,-1.5845,-1.27254795388725,-1.60349987447262,-1.48684927611995,-0.203626602372751,1.4332248152453,99.1,99.1,Top 10%
324452,-3.0513,-1.60211137111224,-2.8509998396039,-2.50147040357205,0.128520460079,3.06458141798926,145.01,145.01,Top 10%
452265,,-0.976844538791713,-0.408199839293957,-0.692522189042835,-0.855069600804272,0.606657915709718,141.95,141.95,Top 10%
121217563,-2.3132,-1.14213211751308,-1.97029992192984,-1.80854401314764,-0.110610454875537,2.12475081464959,136.64,136.64,Top 10%
475377,,-1.30033020162677,-0.799399845302105,-1.04986502346444,-0.625073673715681,1.3490915893747,153.31,153.31,Top 10%
9943091,-2.5237,-1.68422487443452,-2.15469984710217,-2.1208749071789,0.168327185582155,2.21381522047752,124.64,124.64,Top 10%
358959,-1.8796,-0.922956749867636,-1.49649985134602,-1.43301886707122,-0.361344906252575,1.29651969279551,137.22,137.22,Top 10%
288008,-2.0721,-1.10059009935684,-1.91079986095428,-1.69449665343704,-0.115459322514693,1.3605693660668,121.62,121.62,Top 10%
98561,-2.0721,-1.10059009935684,-1.91079986095428,-1.69449665343704,-0.115459322514693,1.3605693660668,121.62,121.62,Top 10%
451843,,-1.03233020162677,-0.614799827337265,-0.823565014482017,-0.77624587994948,1.3490915893747,145.11,145.11,Top 10%
5272826,-0.588399999999999,0.0807671075284132,-0.282199889421463,-0.26327759396435,-1.19884534978874,0.60009523877155,130.14,130.14,Top 10%
130510,-1.2759,0.0295704650241425,-0.844599887728691,-0.69697647423485,-1.03973832688101,1.35481412864805,104.55,104.55,Top 10%
6398342,-2.2117,-0.889598117393902,-0.415799893438816,-1.17236600361091,-0.671757993494031,1.3490915893747,130.85,130.85,Top 10%
21824451,-2.1827,-1.01022487443452,-1.50579986721277,-1.5662415805491,-0.216588343098925,1.3605693660668,113.78,113.78,Top 10%
135616719,-2.8125,-0.318412644180832,-2.04469997435808,-1.72520420617964,-0.69784828091133,3.76691722101609,195.04,204.85,Top 10%
71749595,-0.529699999999998,0.0426111343460425,-0.453699856996536,-0.313596240883497,-1.15828420882685,1.25135329941724,104.55,104.55,Top 10%
512735,-0.529699999999998,0.0426111343460425,-0.453699856996536,-0.313596240883497,-1.15828420882685,1.25135329941724,104.55,104.55,Top 10%
189213,-2.4882,-2.26509357518575,-2.88229981809855,-2.54519779776143,0.428927271646435,3.28969861202037,131.36,131.36,Top 10%
163320930,-2.605,-1.74923289247159,-1.96929985284805,-2.10784424843988,0.0632839084172776,2.19326932363356,134.01,134.01,Top 10%
446164,-3.3959,-1.42934817549819,-2.4256999194622,-2.41698269832013,0.0840059926341732,4.01075890383385,177.1,186.91,Top 10%
54351187,-2.4299,-1.54813211751308,-2.28589985519648,-2.08797732423652,0.0774362630201457,1.29989286716403,130.85,130.85,Top 10%
477551,-2.5737,-0.203878644061651,-2.27179999649525,-1.68312621351897,-0.751975407817837,3.84231224135251,203.39,213.2,Top 10%
45074656,-1.9423,-1.7174919584247,-1.97859986871481,-1.87946394237984,-0.0113320239883929,1.3605693660668,108.33,108.33,Top 10%
5271262,-1.0607,-0.342176446395793,-0.187579847872257,-0.53015209808935,-1.42630898938054,1.20339037053158,117.44,145.68,Top 10%
91827907,-2.6862,-1.72576689259077,-2.49249984323978,-2.30148891194352,0.213493304888802,2.12475081464959,134.01,134.01,Top 10%
13989277,,-1.33571553666716,-0.276199854910374,-0.805957695788768,-0.810165359122594,1.40654454326346,153.31,153.31,Top 10%
451370,,-1.33571553666716,-0.276199854910374,-0.805957695788768,-0.810165359122594,1.40654454326346,153.31,153.31,Top 10%
126968805,-3.6471,-2.05261822751198,-3.22269989550114,-2.97413937433771,0.654552725790368,4.16735094022812,150.8,150.8,Top 10%
11276944,-3.6471,-2.05261822751198,-3.22269989550114,-2.97413937433771,0.654552725790368,4.16735094022812,150.8,150.8,Top 10%
139024751,-3.6471,-2.05261822751198,-3.22269989550114,-2.97413937433771,0.654552725790368,4.16735094022812,150.8,150.8,Top 10%
251784,-3.6471,-2.05261822751198,-3.22269989550114,-2.97413937433771,0.654552725790368,4.16735094022812,150.8,150.8,Top 10%
25728863,-3.6471,-2.05261822751198,-3.22269989550114,-2.97413937433771,0.654552725790368,4.16735094022812,150.8,150.8,Top 10%
7272023,-3.6471,-2.05261822751198,-3.22269989550114,-2.97413937433771,0.654552725790368,4.16735094022812,150.8,150.8,Top 10%
53837746,-2.3184,-0.402422749748454,-1.03999999910593,-1.25360758295146,-0.705676337431685,3.96385652021187,162.66,172.47,Top 10%
376225,-1.4065,-0.466224874434524,-1.14959985762835,-1.00744157735429,-0.698515545316122,1.3605693660668,107.79,107.79,Top 10%
10466304,-2.3591,-1.23928086989707,-1.77959985285997,-1.79266024091901,0.0207262071977967,2.32042243386743,115.41,115.41,Top 10%
587457,-2.3591,-1.23928086989707,-1.77959985285997,-1.79266024091901,0.0207262071977967,2.32042243386743,115.41,115.41,Top 10%
135618545,-2.1826,-0.775263979102045,-1.64629993587732,-1.53472130499312,-0.768413849117381,3.01788856243265,192.91,202.72,Top 10%
164580,-1.5919,0.298785932288496,-0.430399909615517,-0.574504659109007,-1.51255376657835,2.10656238393927,151.08,160.89,Top 10%
6334744,-1.2717,-0.00346857799748923,0.561400078237057,-0.237922833253477,-1.33220155372209,0.606657915709718,110.62,110.62,Top 10%
54010782,-3.0795,-1.87295674986764,-2.99949990212917,-2.65065221733227,0.377812638828596,2.98592239390585,156.87,156.87,Top 10%
131852022,-3.4646,-0.877479642521808,-4.0074999332428,-2.78319319192154,0.107556075193546,4.78773599295737,183.78,183.78,Top 10%
135625322,-1.5049,-2.43242274974845,-2.67599988728762,-2.20444087901202,-0.132308029965655,3.06458141798926,161.67,161.67,Top 10%
135602243,-1.5049,-2.43242274974845,-2.67599988728762,-2.20444087901202,-0.132308029965655,3.06458141798926,161.67,161.67,Top 10%
111081,-2.8808,-1.31361020947492,-2.1934999153018,-2.12930337492557,0.164236542198348,3.23203834461062,130.57,130.57,Top 10%
688364,-2.8808,-1.31361020947492,-2.1934999153018,-2.12930337492557,0.164236542198348,3.23203834461062,130.57,130.57,Top 10%
76845172,,-1.75042274974845,-1.06869984418154,-1.409561296965,-0.487564459906292,1.3490915893747,147.86,147.86,Top 10%
150973,-2.808,-0.710841319098449,-1.66949985176325,-1.7294470569539,-0.872363742473993,3.04784186817465,171.31,181.12,Top 10%
488247,,-0.727823532424049,-0.191999867558479,-0.459911699991264,-1.32532128020606,1.29301064728688,153.31,153.31,Top 10%
189893,,-0.727823532424049,-0.191999867558479,-0.459911699991264,-1.32532128020606,1.29301064728688,153.31,153.31,Top 10%
121487129,,-0.727823532424049,-0.191999867558479,-0.459911699991264,-1.32532128020606,1.29301064728688,153.31,153.31,Top 10%
150625,-2.0584,-1.51019171611789,-2.51479993015528,-2.02779721542439,0.0999712675045275,2.35106761022682,140.3,140.3,Top 10%
5273981,-0.180299999999999,0.106281794768194,-0.591499857604504,-0.22183935427877,-1.31208348813053,1.25069414495336,117.44,117.44,Top 10%
76844800,-2.2127,-1.7174919584247,-2.385099850595,-2.10509726967323,0.145257505153224,2.21381522047752,119.33,119.33,Top 10%
121487343,-2.2596,-1.05176689259077,-2.14489984512329,-1.81875557923802,-0.121523628008814,2.12475081464959,134.01,134.01,Top 10%
121487344,-2.2596,-1.05176689259077,-2.14489984512329,-1.81875557923802,-0.121523628008814,2.12475081464959,134.01,134.01,Top 10%
77461390,-0.9131,-1.00222487443452,-1.26519986987114,-1.06017491476855,-0.667798609150623,1.3605693660668,116.17,116.17,Top 10%
452065,-1.0509,-0.150590099356839,-0.441399872303009,-0.547629990553283,-0.899624786556021,0.592484196947549,107.76,107.76,Top 10%
449489,-2.2119,0.157043250132365,-0.600199893116951,-0.885018880994862,-1.64439689658957,2.20262527986851,151.08,160.89,Top 10%
13989274,,-1.33571553666716,-0.875499911606312,-1.10560772413674,-0.596328239449104,2.24499973824897,159.1,159.1,Top 10%
451369,,-1.33571553666716,-0.875499911606312,-1.10560772413674,-0.596328239449104,2.24499973824897,159.1,159.1,Top 10%
130601,-2.4697,-2.35388531150216,-3.3142998367548,-2.71262838275232,0.455064097630109,3.18956443100232,139.56,139.56,Top 10%
6426866,-2.4697,-2.35388531150216,-3.3142998367548,-2.71262838275232,0.455064097630109,3.18956443100232,139.56,139.56,Top 10%
6426865,-2.4697,-2.35388531150216,-3.3142998367548,-2.71262838275232,0.455064097630109,3.18956443100232,139.56,139.56,Top 10%
69640684,-2.8963,-2.75988531150216,-3.66189983487129,-3.10602838212448,0.728083697194392,3.18956443100232,139.56,139.56,Top 10%
76844801,-2.4878,-2.45649997646176,-3.00779984891415,-2.65069994179197,0.427905759603628,2.19326932363356,128.56,128.56,Top 10%
121216232,-2.8999,-1.54813211751308,-2.5498998388648,-2.3326439854593,0.147234925908752,2.12475081464959,141.85,141.85,Top 10%
135528754,-2.2533,-0.0373719748589323,-2.09589988738298,-1.46219062074731,-0.961582786124446,2.82369328331576,183.26,193.07,Top 10%
315092,-1.6199,-0.565280869897071,-1.22239988297224,-1.13586025095644,-0.627512985836232,2.29340734281707,104.55,143.35,Top 10%
99529,-1.6199,-0.565280869897071,-1.22239988297224,-1.13586025095644,-0.627512985836232,2.29340734281707,104.55,143.35,Top 10%
489670,,-0.938422749748454,-0.749799877405167,-0.84411131357681,-1.00244674837769,1.39829031158536,147.86,147.86,Top 10%
44151925,,-0.770548250256494,0.47450015693903,-0.148024046658732,-1.31689131161884,0.659234069253984,181.84,181.84,Top 10%
45052066,-1.9563,-1.86758703433252,-2.68469986319542,-2.16952896584265,0.0662131022947969,2.26835063788918,119.33,119.33,Top 10%
156594694,-1.9563,-1.86758703433252,-2.68469986319542,-2.16952896584265,0.0662131022947969,2.26835063788918,119.33,119.33,Top 10%
167798,-2.1522,-2.43242274974845,-2.64289989322424,-2.40917421432423,0.0156569047410169,4.00995492783762,164.32,164.32,Top 10%
15160057,-3.6705,-1.16894564240263,-4.34969992190599,-3.06304852143621,0.385955673876728,5.88714728987431,194.64,194.64,Top 10%
121487449,-4.0443,-2.18859152494532,-3.63309985399246,-3.28866379297926,0.914352672327609,4.89417762766212,162.83,162.83,Top 10%
146503834,-3.9987,-2.86449684057698,-4.29269986599684,-3.71863223552461,1.02299077145408,4.8392275438165,188.1,188.1,Top 10%
21117616,-3.9283,-1.42934817549819,-3.65609991550446,-3.00458269700088,0.498040391718613,1.39032446003945,176.97,186.78,Top 10%
121487125,,-0.590828731901163,-0.0358998328447342,-0.313364282372948,-1.69372518803317,1.29301064728688,153.31,153.31,Top 10%
488248,,-0.590828731901163,-0.0358998328447342,-0.313364282372948,-1.69372518803317,1.29301064728688,153.31,153.31,Top 10%
121487128,,-0.590828731901163,-0.0358998328447342,-0.313364282372948,-1.69372518803317,1.29301064728688,153.31,153.31,Top 10%
515085,-1.2791,0.279847399266042,-0.443499907851219,-0.480917502861726,-1.06756325301396,0.655856637920385,139.37,139.37,Top 10%
135491495,,-0.793367431445885,-1.49779994785786,-1.14558368965187,-0.896719464836146,3.003031729797,188.04,188.04,Top 10%
21134384,-2.7489,-1.44472622326887,-2.13439990580082,-2.10934204302323,0.201843377858121,2.93902001028388,139.8,139.8,Top 10%
14632483,0.00369999999999926,1.16924070994661,0.634600065648556,0.602513591865056,-1.91234443275435,-0.0744619344885911,90.39,90.39,Top 10%
135473648,-2.0603,-0.566496840576981,-2.77409996092319,-1.80029893383339,-0.466527085374171,4.8392275438165,171.54,171.54,Top 10%
135686065,-2.0603,-0.566496840576981,-2.77409996092319,-1.80029893383339,-0.466527085374171,4.8392275438165,171.54,171.54,Top 10%
135435206,-2.2102,-0.428496840576981,-2.79229994863272,-1.8103322630699,-0.459563954884034,3.87595201707399,162.75,162.75,Top 10%
1778309,-3.9283,-1.42934817549819,-3.65609991550446,-3.00458269700088,0.498040391718613,1.39032446003945,176.97,186.78,Top 10%
853012,-1.7743,-0.411990610764496,-1.18269988149405,-1.12299683075285,-0.551960199457524,1.4239907009387,104.55,104.55,Top 10%
643968,-1.7743,-0.411990610764496,-1.18269988149405,-1.12299683075285,-0.551960199457524,1.4239907009387,104.55,104.55,Top 10%
43834572,-1.7743,-0.411990610764496,-1.18269988149405,-1.12299683075285,-0.551960199457524,1.4239907009387,104.55,104.55,Top 10%
70610597,-1.7743,-0.411990610764496,-1.18269988149405,-1.12299683075285,-0.551960199457524,1.4239907009387,104.55,104.55,Top 10%
46781591,-1.7743,-0.411990610764496,-1.18269988149405,-1.12299683075285,-0.569798199457524,1.4239907009387,104.55,104.55,Top 10%
13071731,-1.7743,-0.411990610764496,-1.18269988149405,-1.12299683075285,-0.551960199457524,1.4239907009387,104.55,104.55,Top 10%
450214,-1.7743,-0.411990610764496,-1.18269988149405,-1.12299683075285,-0.551960199457524,1.4239907009387,104.55,104.55,Top 10%
5790,-1.7743,-0.411990610764496,-1.18269988149405,-1.12299683075285,-0.551960199457524,1.4239907009387,104.55,104.55,Top 10%
139025303,-1.7743,-0.411990610764496,-1.18269988149405,-1.12299683075285,-0.569798199457524,1.4239907009387,104.55,104.55,Top 10%
5702211,-1.7743,-0.411990610764496,-1.18269988149405,-1.12299683075285,-0.551960199457524,1.4239907009387,104.55,104.55,Top 10%
472173,-0.8035,0.220245909423727,-0.357199884951115,-0.313484658509129,-1.26870164699466,1.30308371403265,104.55,104.55,Top 10%
54558447,-2.0639,-0.411990610764496,-1.21629994362593,-1.23073018479681,-0.471313251751015,2.29340734281707,110.34,110.34,Top 10%
499786,-1.6107,-0.110956749867635,-0.75549989938736,-0.825718883084999,-1.22103109513901,2.13847744039081,151.08,160.89,Top 10%
489669,,-0.791301228389103,-0.593699842691422,-0.692500535540262,-1.37436462833506,1.39829031158536,147.86,147.86,Top 10%
21145513,-1.4108,-0.580758874553706,-1.41489990800619,-1.1354862608533,-0.593832534967809,3.04681985640671,130.57,130.57,Top 10%
512321,-1.7057,-0.269184464432855,-1.21899989247322,-1.06462811896869,-0.953082630890273,1.20339037053158,122.37,122.37,Top 10%
7308567,-1.8812,-1.41982649119558,-2.40109984576702,-1.90070877898753,-0.00622810738265156,2.35106761022682,137.67,137.67,Top 10%
134481,-1.8812,-1.41982649119558,-2.40109984576702,-1.90070877898753,-0.00622810738265156,2.35106761022682,137.67,137.67,Top 10%
451368,,-0.451600645180036,0.135300122201443,-0.158150261489296,-1.27168371852643,0.651825653386958,133.08,133.08,Top 10%
453781,-2.618,-1.27822487443452,-2.15099991112947,-2.015741595188,0.101244667060472,3.13502901359065,130.57,130.57,Top 10%
121225517,-1.8332,-1.37861822751198,-1.70849984884262,-1.64010602545153,-0.277146418336635,3.18956443100232,145.01,145.01,Top 10%
191215,-3.3277,-0.602057916365619,-1.85389994829893,-1.92788595488818,-0.3633671473076,3.96557229382929,177.36,187.17,Top 10%
15124184,-0.455200000000001,1.03224590942373,0.365300081670284,0.31411533036467,-1.61349603927308,-0.0744619344885911,90.39,90.39,Top 10%
139025680,-2.0382,0.298785932288496,-0.652199901640415,-0.79720465645064,-1.81327996842326,2.18328757876846,151.08,160.89,Top 10%
10389132,-2.0382,0.298785932288496,-0.652199901640415,-0.79720465645064,-1.81327996842326,2.18328757876846,151.08,160.89,Top 10%
54021277,-2.8302,-1.16031995034234,-2.24549992382526,-2.0786732913892,0.021159264224107,3.18956443100232,130.57,130.57,Top 10%
2729604,-3.0135,-2.05261822751198,-2.6233998388052,-2.56317268877239,0.363461846008041,3.18956443100232,145.01,145.01,Top 10%
27661670,-3.0135,-2.05261822751198,-2.6233998388052,-2.56317268877239,0.363461846008041,3.18956443100232,145.01,145.01,Top 10%
94196,-3.0135,-2.05261822751198,-2.6233998388052,-2.56317268877239,0.363461846008041,3.18956443100232,145.01,145.01,Top 10%
7059462,-3.0135,-2.05261822751198,-2.6233998388052,-2.56317268877239,0.363461846008041,3.18956443100232,145.01,145.01,Top 10%
1263225,-3.0135,-2.05261822751198,-2.6233998388052,-2.56317268877239,0.363461846008041,3.18956443100232,145.01,145.01,Top 10%
7195995,-3.0135,-2.05261822751198,-2.6233998388052,-2.56317268877239,0.363461846008041,3.18956443100232,145.01,145.01,Top 10%
68206315,-3.0135,-2.05261822751198,-2.6233998388052,-2.56317268877239,0.363461846008041,3.18956443100232,145.01,145.01,Top 10%
91541,-2.3284,-1.27822487443452,-2.11739984899759,-1.90800824114404,0.0205977193539637,2.21381522047752,124.78,124.78,Top 10%
92143407,-2.3284,-1.27822487443452,-2.11739984899759,-1.90800824114404,0.0205977193539637,2.21381522047752,124.78,124.78,Top 10%
44289445,-2.3284,-1.27822487443452,-2.11739984899759,-1.90800824114404,0.0205977193539637,2.21381522047752,124.78,124.78,Top 10%
189012,-2.6905,-2.35388531150216,-3.3142998367548,-2.78622838275232,0.506142497630109,3.18956443100232,139.56,139.56,Top 10%
56609687,-1.2431,-0.391088629631234,-1.14569985121489,-0.926629493615373,-1.20587913143093,1.29989286716403,121.62,121.62,Top 10%
54109572,-2.0571,-0.402422749748454,-1.14559990167618,-1.20170755047488,-0.875914959970434,2.20262527986851,151.08,160.89,Top 10%
90470199,-2.3531,0.0403068066982784,-2.16479997336864,-1.49253105555679,-0.659683447443588,0.659234069253984,139.67,181.57,Top 10%
7282398,-2.949,-1.74923289247159,-2.53499984741211,-2.41107757996123,0.273727840493096,2.19326932363356,134.01,134.01,Top 10%
118312477,-2.949,-1.74923289247159,-2.53499984741211,-2.41107757996123,0.273727840493096,2.19326932363356,134.01,134.01,Top 10%
1265899,-2.949,-1.74923289247159,-2.53499984741211,-2.41107757996123,0.273727840493096,2.19326932363356,134.01,134.01,Top 10%
169704,-2.949,-1.74923289247159,-2.53499984741211,-2.41107757996123,0.273727840493096,2.19326932363356,134.01,134.01,Top 10%
14367013,-2.949,-1.74923289247159,-2.53499984741211,-2.41107757996123,0.273727840493096,2.19326932363356,134.01,134.01,Top 10%
7282400,-2.949,-1.74923289247159,-2.53499984741211,-2.41107757996123,0.273727840493096,2.19326932363356,134.01,134.01,Top 10%
21824456,-2.949,-1.74923289247159,-2.53499984741211,-2.41107757996123,0.273727840493096,2.19326932363356,134.01,134.01,Top 10%
162367444,-3.3359,-0.839539241126619,-3.94299999624491,-2.70614641245718,0.29086561024528,2.24952766349048,195.91,205.72,Top 10%
18651801,-3.5728,-1.59191608054574,-2.68719986826181,-2.61730531626918,0.376369889490815,3.83114187869634,159.67,159.67,Top 10%
475378,,-1.00886420174595,-0.145299859344959,-0.577082030545454,-0.937365070801454,0.565429302010042,142.31,142.31,Top 10%
137128754,-1.0304,-0.108404292455295,-1.63359998166561,-0.924134758040302,-1.15622502337457,2.09366730201316,154.58,154.58,Top 10%
121487098,-1.3329,-0.338996081509548,-1.51779986172915,-1.06323198107956,-0.892059862273639,1.24961730917354,103.99,103.99,Top 10%
15839349,-2.2472,-1.31361020947492,-1.59419985860586,-1.71833668936026,-0.126854337583979,2.29340734281707,124.78,124.78,Top 10%
256040,-2.2472,-1.31361020947492,-1.59419985860586,-1.71833668936026,-0.126854337583979,2.29340734281707,124.78,124.78,Top 10%
86295119,-2.2472,-1.31361020947492,-1.59419985860586,-1.71833668936026,-0.126854337583979,2.29340734281707,124.78,124.78,Top 10%
96622,-2.2472,-1.31361020947492,-1.59419985860586,-1.71833668936026,-0.126854337583979,2.29340734281707,124.78,124.78,Top 10%
21145448,,-0.943870292336113,-0.8677998483181,-0.905835070327107,-0.821030461192987,1.34342207641748,162.54,162.54,Top 10%
137346607,-1.1681,-0.81761581370368,-0.734599865972996,-0.906771893225559,-1.05475074088407,1.16071485012637,126.92,126.92,Top 10%
127931,-1.3884,-0.382774013497326,-1.14019987732172,-0.970457963606349,-0.742002173257194,1.3605693660668,104.55,104.55,Top 10%
15954533,-0.9013,0.0426111343460425,-0.699699863791466,-0.519462909815141,-1.00329274058829,1.25135329941724,104.55,104.55,Top 10%
483935,-1.3889,-0.466794759898173,-0.804099880158901,-0.886598213352358,-0.856740839933463,1.30308371403265,112.39,137.69,Top 10%
156594223,-1.0163,-0.969162618846852,-1.70749989151955,-1.23098750345547,-0.597074672601906,1.41510478347846,99.1,99.1,Top 10%
40493564,-2.6494,-2.85661822751198,-3.45369984954596,-2.98657269235265,0.657301448492736,2.26835063788918,136.4,136.4,Top 10%
98575509,-2.6494,-2.85661822751198,-3.45369984954596,-2.98657269235265,0.657301448492736,2.26835063788918,136.4,136.4,Top 10%
10040433,-1.9493,-0.723091448191184,-1.54659985750914,-1.40633043523344,-0.379806677947992,1.24961730917354,130.85,130.85,Top 10%
10800485,-2.806,-2.26509357518575,-3.51819982379675,-2.86309779966083,0.64954987296462,3.28969861202037,131.36,131.36,Top 10%
121487362,-0.905900000000001,-0.215598117393902,-1.31779988110065,-0.813099332831519,-0.799269063014925,1.35481412864805,129.27,129.27,Top 10%
169938,-1.7866,-0.188389435356952,0.0822001174092293,-0.630929772649241,-1.52691473778143,1.34342207641748,130.85,140.66,Top 10%
92980960,,-1.30033020162677,-0.800999842584133,-1.05066502210545,-0.724518474658817,1.3490915893747,153.31,153.31,Top 10%
125460,,-1.30033020162677,-0.800999842584133,-1.05066502210545,-0.724518474658817,1.3490915893747,153.31,153.31,Top 10%
70700658,,-1.30033020162677,-0.800999842584133,-1.05066502210545,-0.724518474658817,1.3490915893747,153.31,153.31,Top 10%
121487127,,-0.456009096787407,0.00420014560222626,-0.22590447559259,-2.03642229393874,1.29301064728688,153.31,153.31,Top 10%
488249,,-0.456009096787407,0.00420014560222626,-0.22590447559259,-2.03642229393874,1.29301064728688,153.31,153.31,Top 10%
374116,,-0.456009096787407,0.00420014560222626,-0.22590447559259,-2.03642229393874,1.29301064728688,153.31,153.31,Top 10%
121487124,,-0.456009096787407,0.00420014560222626,-0.22590447559259,-2.03642229393874,1.29301064728688,153.31,153.31,Top 10%
21140838,-2.3829,-0.493046326606524,-2.09969985485077,-1.65854872715243,-0.944267183356212,4.61467993091038,192.37,192.37,Top 10%
10061135,-1.3884,-0.382774013497326,-1.14019987732172,-0.970457963606349,-0.642002173257194,1.3605693660668,104.55,104.55,Top 10%
3007909,-2.1547,-1.13110335307517,-2.16939985752106,-1.81840107019874,-0.149529657282071,2.19326932363356,124.78,124.78,Top 10%
15693249,-2.618,-1.27822487443452,-2.15099991112947,-2.015741595188,0.101244667060472,3.13502901359065,130.57,130.57,Top 10%
10754350,-2.2419,-0.671124099476021,-1.36969990283251,-1.42757466743618,-0.373123180799292,2.14153890901816,119.21,119.21,Top 10%
71303724,-0.9264,-0.969162618846852,-1.38619989901781,-1.09392083928822,-0.682958937533974,1.4239907009387,99.1,99.1,Top 10%
510573,-1.5059,-0.390083430154121,-0.945999838411808,-0.947327756188643,-0.796474537205081,1.25069414495336,113.42,113.42,Top 10%
121487298,-1.2886,-0.613990882032435,-1.1459998190403,-1.01619690035758,-1.0150622082947,1.24961730917354,108.43,136.67,Top 10%
512320,-1.3433,-0.613990882032435,-0.495999865233898,-0.817763582422111,-1.14671493094191,1.24961730917354,117.44,145.68,Top 10%
136270978,-2.6575,-0.497477675877349,-2.49459983408451,-1.88319250332062,-0.619767479618565,2.74765104554539,171.46,171.46,Top 10%
10922291,-1.6651,-1.08681847315852,-2.00779987126589,-1.5865727814748,-0.128238489656487,1.49438745077486,117.44,117.44,Top 10%
98315,-1.6651,-1.08681847315852,-2.00779987126589,-1.5865727814748,-0.128238489656487,1.49438745077486,117.44,117.44,Top 10%
66931238,-2.229,-0.946998900069497,-1.4565999135375,-1.54419960453567,-0.266125474452247,2.06191812900259,136.64,136.64,Top 10%
7074855,,-1.18242527753459,-0.893899857997894,-1.03816256776624,-0.756955177970228,1.39829031158536,153.31,153.31,Top 10%
71302446,-2.6404,-2.02087729346509,-2.66629991680384,-2.44252573675631,0.36949286130888,3.23203834461062,125.12,125.12,Top 10%
3246335,-1.0686,-1.00413211751308,-0.986799918115139,-1.01984401187607,-0.657968255758004,2.12475081464959,136.64,136.64,Top 10%
171228,-1.631,-0.962590099356839,-1.59679992496967,-1.3967966747755,-0.4161831077058,2.21381522047752,127.41,127.41,Top 10%
515212,-0.9018,-0.613990882032435,-0.495999865233898,-0.670596915755444,-1.24884859760858,1.24961730917354,117.44,145.68,Top 10%
21627890,-1.5348,-1.2955981173939,-1.69479993730783,-1.50839935156725,-0.705900850012331,3.06458141798926,136.39,168.48,Top 10%
92237723,-1.5348,-1.2955981173939,-1.69479993730783,-1.50839935156725,-0.705900850012331,3.06458141798926,136.39,168.48,Top 10%
121216298,-4.3739,-2.59649684057698,-4.10649985074997,-3.69229889710898,1.01059543459364,4.8392275438165,179.9,179.9,Top 10%
453016,0.0814000000000012,0.901240709946614,0.458200097084045,0.48028026901022,-1.70505450669309,-0.123660656699259,90.39,90.39,Top 10%
91668444,-0.4811,-0.774429534975858,-1.74419986992143,-0.999909801632429,-0.685682597667093,1.30603394865514,99.1,99.1,Top 10%
2783871,-0.365000000000001,0.624947922257958,0.0681000947952271,0.109349339017728,-1.3634484412783,-0.0941003337573529,90.39,90.39,Top 10%
13121580,-0.365000000000001,0.624947922257958,0.0681000947952271,0.109349339017728,-1.3634484412783,-0.0941003337573529,90.39,90.39,Top 10%
71303674,-0.7809,-0.822041097487501,-1.23009986430407,-0.944346987263856,-1.05346319083888,1.4239907009387,99.1,99.1,Top 10%
44829127,-2.9782,-0.566496840576981,-1.62939987331629,-1.72469890463109,-1.15765896018602,3.04784186817465,171.31,181.12,Top 10%
156595074,,-1.32936743144589,-2.08102983236313,-1.70519863190451,-0.420392149458271,2.13847744039081,179.36,179.36,Top 10%
512674,-1.9289,-1.3309834524343,-2.43869986385107,-1.89952777209512,0.0208922738340152,1.41510478347846,134.51,134.51,Top 10%
14095555,-1.3952,0.14461858268011,-0.611899890005589,-0.620827102441826,-0.952705990905372,0.55745919349905,110.62,110.62,Top 10%
136791445,-3.0266,-0.572853094280941,-1.98519991338253,-1.86155100255449,-0.547612039009792,2.97499255035967,180.02,189.83,Top 10%
135398640,-3.0266,-0.572853094280941,-1.98519991338253,-1.86155100255449,-0.535654039009792,2.97499255035967,180.02,189.83,Top 10%
4661673,-1.8495,-0.71085309428094,-1.97270002961159,-1.51101770796418,-0.961958710672861,4.78047503815375,188.97,230.87,Top 10%
129678688,-2.979,-2.45649997646176,-3.41429983079433,-2.94993326908537,0.635573688745244,3.09855027102212,139.56,139.56,Top 10%
6481568,-1.8317,-0.705718205231806,-1.79409984499216,-1.44383935007465,-0.351895491048189,1.25069414495336,107.56,107.56,Top 10%
137699522,,-2.05380808478885,-1.31469985097647,-1.68425396788266,-0.212747746289435,1.40654454326346,147.86,147.86,Top 10%
156594190,-1.5167,-1.55934817549819,-3.06012985855341,-2.0453926780172,-0.140117481456062,3.11378014019992,163.19,163.19,Top 10%
77174428,-0.665799999999999,-0.677696618966033,-0.96739986538887,-0.770298828118301,-0.769272613285899,1.30603394865514,99.1,99.1,Top 10%
15764402,,-1.0195981173939,-0.0394998639822006,-0.529548990688051,-1.00229300046249,0.60009523877155,127.63,127.63,Top 10%
451391,,-0.542337869588994,-0.184399863472208,-0.363368866530601,-1.14562200662776,0.527626837760343,142.31,142.31,Top 10%
5274292,-1.6846,-0.540998900069498,-1.16029987158254,-1.12863292388401,-1.45816875082449,1.34342207641748,130.49,138.87,Top 10%
6327751,-1.4833,-0.569505569272216,-0.531729884445667,-0.861511817905961,-0.765850798373262,1.35481412864805,134.63,134.63,Top 10%
15342951,-1.4833,-0.569505569272216,-0.531729884445667,-0.861511817905961,-0.765850798373262,1.35481412864805,134.63,134.63,Top 10%
6713933,-1.4833,-0.569505569272216,-0.531729884445667,-0.861511817905961,-0.765850798373262,1.35481412864805,134.63,134.63,Top 10%
71371593,-3.1154,-1.87295674986764,-2.65029990673065,-2.54621888553276,0.405335906559738,2.98592239390585,156.87,156.87,Top 10%
46936788,-2.1532,-0.935895534856676,-1.43739986419678,-1.50883179968448,-0.260430731018967,1.36633043352894,104.55,104.55,Top 10%
445537,-2.1532,-0.935895534856676,-1.43739986419678,-1.50883179968448,-0.260430731018967,1.36633043352894,104.55,104.55,Top 10%
4470179,-2.1532,-0.935895534856676,-1.43739986419678,-1.50883179968448,-0.260430731018967,1.36633043352894,104.55,104.55,Top 10%
65375,-2.8207,-0.281387094400122,-1.64299992471933,-1.58169567303982,-0.810548202910365,2.06542413667456,169.16,178.97,Top 10%
11817992,0.0136000000000004,-0.0629055505905908,-0.408999927341938,-0.152768492644176,-1.34805866610494,0.64128866067453,78.87,78.87,Top 10%
121487387,-3.8447,-2.0759628404578,-3.63349980115891,-3.1847208805389,0.636636291093999,3.96385652021187,174.11,174.11,Top 10%
135435111,-2.9727,-0.972496840576981,-3.59359987080097,-2.51293223712598,0.0101149725654339,3.87595201707399,168.62,168.62,Top 10%
135398630,-3.8886,-0.609878644061651,-3.96280001848936,-2.82042622085034,0.0553107972701343,2.94852874461785,211.7,221.51,Top 10%
14430116,-1.605,-0.261895534856676,-0.946999959647655,-0.937965164834777,-0.773192175604664,2.29340734281707,110.34,110.34,Top 10%
130060,-0.731299999999999,-0.204303251679939,-0.922259949147701,-0.619287733609213,-1.6753543128752,1.12393066079511,127.04,127.04,Top 10%
11594626,-1.8511,-0.770726223268868,-1.49079985916615,-1.37087536081167,-0.4165324995967,1.24961730917354,123.01,123.01,Top 10%
14842981,-1.5529,-0.671124099476021,-1.33609984070063,-1.18670798005888,-0.546164661839135,1.30308371403265,113.42,113.42,Top 10%
72260,-0.834300000000001,0.497240012040235,-0.205499909818172,-0.180853299259313,-1.21774781031404,0.64128866067453,84.32,84.32,Top 10%
136190394,-1.7326,-0.235916080545735,-2.24649994075298,-1.40500534043291,-0.729040839194107,2.9134114530417,142.52,142.52,Top 10%
67113473,-3.3843,-2.01723289247159,-3.18019989132881,-2.86057759460013,0.591560850652493,4.05945061072875,150.8,150.8,Top 10%
11109507,-0.927599999999999,-0.161122132831562,-0.557499893009663,-0.548740675280408,-1.31063942590085,1.15858023215393,117.44,117.44,Top 10%
14842983,-1.9993,-0.962590099356839,-1.72619984298944,-1.56269664744876,-0.201048526670559,1.3605693660668,113.42,113.42,Top 10%
44421147,-1.438,-0.261895534856676,-0.789199888706207,-0.829698474520961,-0.824169258682453,1.3605693660668,104.55,129.85,Top 10%
44372621,-1.438,-0.261895534856676,-0.789199888706207,-0.829698474520961,-0.824169258682452,1.3605693660668,104.55,129.85,Top 10%
128866,-2.6338,-0.864438973199908,-3.82209984958172,-2.44011294092721,-0.289106618996516,3.76003574682309,175.12,175.12,Top 10%
156594220,-1.866,-1.36561428724586,-2.54099985212088,-1.92420471312225,-0.0139819290931604,2.35106761022682,111.13,111.13,Top 10%
137700714,-2.1258,-1.34442274974845,-3.4326298981905,-2.30095088264632,0.0490599125565452,4.00995492783762,156.62,156.62,Top 10%
124712750,-1.9964,-1.08755085562342,-3.01219983398914,-2.03205022987085,-0.329797140469627,1.24820050890923,126.14,126.14,Top 10%
57704515,-1.4108,-1.11925769475467,-1.65549988299608,-1.39518585925025,-0.375181013680325,1.4239907009387,99.1,99.1,Top 10%
9881381,-1.4108,-1.11925769475467,-1.65549988299608,-1.39518585925025,-0.375181013680325,1.4239907009387,99.1,99.1,Top 10%
451366,,-0.278039569391398,0.618300139904022,0.170130285256312,-1.45993041796788,0.55745919349905,133.08,133.08,Top 10%
13833655,,-0.278039569391398,0.618300139904022,0.170130285256312,-1.45993041796788,0.55745919349905,133.08,133.08,Top 10%
5274149,-3.0056,-1.62042274974845,-1.66959986835718,-2.09854087270188,-0.131052634344895,2.15572289624653,151.08,160.89,Top 10%
512322,-0.8103,-0.342176446395793,-0.359499871730804,-0.503992106042199,-1.26211233554957,1.20271492555157,117.69,117.69,Top 10%
44316739,-0.8103,-0.342176446395793,-0.359499871730804,-0.503992106042199,-1.26211233554957,1.20271492555157,117.69,117.69,Top 10%
71317010,-0.8103,-0.342176446395793,-0.359499871730804,-0.503992106042199,-1.26211233554957,1.20271492555157,117.69,117.69,Top 10%
100533,-1.0288,-0.55659009935684,-0.997499868273735,-0.860963322543525,-0.793931454154793,1.3605693660668,121.62,121.62,Top 10%
21855041,-3.9811,-2.24894564240263,-4.29839994758368,-3.50948186332877,0.79570586769562,6.92565516233963,197.98,197.98,Top 10%
351382,-1.3154,-0.261895534856676,-0.913399897515774,-0.830231810790817,-0.853839123311173,1.4239907009387,104.55,104.55,Top 10%
10956375,-1.3154,-0.261895534856676,-0.913399897515774,-0.830231810790817,-0.853839123311173,1.4239907009387,104.55,104.55,Top 10%
41097849,-1.3154,-0.261895534856676,-0.913399897515774,-0.830231810790817,-0.853839123311173,1.4239907009387,104.55,104.55,Top 10%
51403981,-1.3154,-0.261895534856676,-0.913399897515774,-0.830231810790817,-0.853839123311173,1.4239907009387,104.55,104.55,Top 10%
13831089,-1.3154,-0.261895534856676,-0.913399897515774,-0.830231810790817,-0.853839123311173,1.4239907009387,104.55,104.55,Top 10%
71314711,-1.3154,-0.261895534856676,-0.913399897515774,-0.830231810790817,-0.853839123311173,1.4239907009387,104.55,104.55,Top 10%
65510,-1.3154,-0.261895534856676,-0.913399897515774,-0.830231810790817,-0.853839123311173,1.4239907009387,104.55,104.55,Top 10%
452423,,0.00166213041100627,0.799000129103661,0.400331129757333,-1.68774980405159,-0.0855438048232655,139.15,139.15,Top 10%
20600569,-3.4244,-1.92380808478885,-1.83509987592697,-2.39443598690527,0.16453857491226,2.22314825907093,151.08,151.08,Top 10%
91872277,-2.5406,-1.16031995034234,-2.21189986169338,-1.97093993734524,-0.0715236834824011,2.26835063788918,124.78,124.78,Top 10%
101317,-2.5406,-1.16031995034234,-2.21189986169338,-1.97093993734524,-0.0594876834824014,2.26835063788918,124.78,124.78,Top 10%
450215,-2.5406,-1.16031995034234,-2.21189986169338,-1.97093993734524,-0.0594876834824014,2.26835063788918,124.78,124.78,Top 10%
57369201,-2.5406,-1.16031995034234,-2.21189986169338,-1.97093993734524,-0.077325683482401,2.26835063788918,124.78,124.78,Top 10%
54669724,-2.5406,-1.16031995034234,-2.21189986169338,-1.97093993734524,-0.0594876834824014,2.26835063788918,124.78,124.78,Top 10%
44629859,-2.5406,-1.16031995034234,-2.21189986169338,-1.97093993734524,-0.0594876834824014,2.26835063788918,124.78,124.78,Top 10%
1520351,-2.5406,-1.16031995034234,-2.21189986169338,-1.97093993734524,-0.0594876834824014,2.26835063788918,124.78,124.78,Top 10%
45356917,-2.5406,-1.16031995034234,-2.21189986169338,-1.97093993734524,-0.0594876834824014,2.26835063788918,124.78,124.78,Top 10%
44630766,-2.5406,-1.16031995034234,-2.21189986169338,-1.97093993734524,-0.0594876834824014,2.26835063788918,124.78,124.78,Top 10%
7059460,-2.5406,-1.16031995034234,-2.21189986169338,-1.97093993734524,-0.0594876834824014,2.26835063788918,124.78,124.78,Top 10%
9427,-2.5406,-1.16031995034234,-2.21189986169338,-1.97093993734524,-0.0594876834824014,2.26835063788918,124.78,124.78,Top 10%
13066372,-2.5406,-1.16031995034234,-2.21189986169338,-1.97093993734524,-0.0594876834824014,2.26835063788918,124.78,124.78,Top 10%
13066370,-2.5406,-1.16031995034234,-2.21189986169338,-1.97093993734524,-0.0594876834824014,2.26835063788918,124.78,124.78,Top 10%
139026027,-2.5406,-1.16031995034234,-2.21189986169338,-1.97093993734524,-0.077325683482401,2.26835063788918,124.78,124.78,Top 10%
194102,-3.0447,-1.85991608054574,-2.60939989984035,-2.50467199346203,0.29232236346265,2.9134114530417,156.87,156.87,Top 10%
136633725,-2.8486,-0.739479642521808,-2.94370001554489,-2.17725988602223,-0.0970920738831782,4.78773599295737,183.76,183.76,Top 10%
495959,-2.0726,-0.922956749867636,-1.31219989061356,-1.4359188801604,-0.559332297168684,2.98592239390585,150.88,150.88,Top 10%
137195854,-1.1317,0.258543828744918,-1.82359998673201,-0.898918719329029,-1.16620084356826,2.03632586161531,146.74,146.74,Top 10%
131852023,-2.7668,-0.691456171255081,-3.25139988213778,-2.23655201779762,-0.265872899648452,2.88920052621371,157.76,157.76,Top 10%
449584,-2.3003,0.0490543575973732,-2.19579993933439,-1.48234852724567,-0.821886643830632,4.83063200503034,183.52,193.33,Top 10%
3000770,-2.0044,-1.15048913358067,-1.62079986929893,-1.5918963342932,0.253456055999483,1.50794876737835,104.55,104.55,Top 10%
454136,-1.4791,-0.31601786367784,-0.959599904716015,-0.918239256131285,-0.609881956244888,0.695608978048113,93.55,93.55,Top 10%
45074659,-1.4798,-1.42602595854388,-1.73259986191988,-1.54614194015459,-0.326837493532716,1.30308371403265,108.33,108.33,Top 10%
45051921,-0.182,-0.0629055505905908,-0.380299896001816,-0.208401815530802,-1.18698914002162,0.583628393264775,78.87,78.87,Top 10%
92221238,,-1.60371553666716,-1.19109984487295,-1.39740769077006,-0.39969906260558,1.40654454326346,153.31,153.31,Top 10%
92221236,,-1.60371553666716,-1.19109984487295,-1.39740769077006,-0.39969906260558,1.40654454326346,153.31,153.31,Top 10%
134693227,,-1.60371553666716,-1.19109984487295,-1.39740769077006,-0.39969906260558,1.40654454326346,153.31,153.31,Top 10%
135518167,-3.2048,-1.1259628404578,-3.57739989459515,-2.63605424501765,0.0875987888993914,3.96385652021187,167.57,167.57,Top 10%
136234097,-3.2048,-1.1259628404578,-3.57739989459515,-2.63605424501765,0.0875987888993914,3.96385652021187,167.57,167.57,Top 10%
71302979,-1.4108,-1.11925769475467,-1.65549988299608,-1.39518585925025,-0.375181013680325,1.4239907009387,99.1,99.1,Top 10%
451479,,-0.301505569272216,0.404600106179714,0.0515472684537492,-1.5159138043069,0.651825653386958,133.08,133.08,Top 10%
14632481,,-0.301505569272216,0.404600106179714,0.0515472684537492,-1.5159138043069,0.651825653386958,133.08,133.08,Top 10%
135596618,-4.0151,-0.909450114887247,-3.46039990335703,-2.79498333941476,-0.0672415624461569,4.73323538022765,214.1,223.91,Top 10%
139025201,-2.6156,-0.8579628404578,-3.23359989374876,-2.23572091140219,-0.202208544629739,5.9587038363217,185.53,185.53,Top 10%
136257794,-2.6156,-0.8579628404578,-3.23359989374876,-2.23572091140219,-0.184352544629739,5.9587038363217,185.53,185.53,Top 10%
136824017,-2.6156,-0.8579628404578,-3.23359989374876,-2.23572091140219,-0.184352544629739,5.9587038363217,185.53,185.53,Top 10%
135518164,-2.6156,-0.8579628404578,-3.23359989374876,-2.23572091140219,-0.184352544629739,5.9587038363217,185.53,185.53,Top 10%
136235778,-2.6156,-0.8579628404578,-3.23359989374876,-2.23572091140219,-0.184352544629739,5.9587038363217,185.53,185.53,Top 10%
135454023,-2.6156,-0.8579628404578,-3.23359989374876,-2.23572091140219,-0.184352544629739,5.9587038363217,185.53,185.53,Top 10%
6857539,-2.8042,-0.0658786440616517,-1.69842991232872,-1.52283618546346,-0.85733668728836,3.84231224135251,196.17,205.98,Top 10%
92271314,-2.8042,-0.0658786440616517,-1.69842991232872,-1.52283618546346,-0.85733668728836,3.84231224135251,196.17,205.98,Top 10%
6481578,-2.8384,-1.8395981173939,-2.93999984115362,-2.53933265284917,0.374856861077328,2.19326932363356,141.85,141.85,Top 10%
188967,-2.8384,-1.8395981173939,-2.93999984115362,-2.53933265284917,0.374856861077328,2.19326932363356,141.85,141.85,Top 10%
13989284,,-0.301505569272216,0.528800114989281,0.113647272858532,-1.52897120736382,0.606657915709718,133.08,158.38,Top 10%
451854,,-0.301505569272216,0.528800114989281,0.113647272858532,-1.52897120736382,0.606657915709718,133.08,158.38,Top 10%
453370,-1.4189,-0.123895534856676,-1.35799984633923,-0.966931793731967,-0.630629335150014,1.36633043352894,98.56,98.56,Top 10%
136006897,-3.1786,-1.2639628404578,-3.93579985946417,-2.79278756664066,0.288514571248616,4.94108001128409,179.48,179.48,Top 10%
139025646,-3.1786,-1.2639628404578,-3.93579985946417,-2.79278756664066,0.270676571248616,4.94108001128409,179.48,179.48,Top 10%
135407175,-3.1786,-1.2639628404578,-3.93579985946417,-2.79278756664066,0.288514571248616,4.94108001128409,179.48,179.48,Top 10%
135708260,-3.1786,-1.2639628404578,-3.93579985946417,-2.79278756664066,0.288514571248616,4.94108001128409,179.48,179.48,Top 10%
6327750,-1.9297,-0.872890904312611,-0.921829886734486,-1.2414735970157,-0.417977323671104,1.41510478347846,134.63,134.63,Top 10%
121698,-3.0947,-2.01723289247159,-3.14659982919693,-2.75284424055617,0.510913902945984,3.09855027102212,145.01,145.01,Top 10%
13052734,-3.0947,-2.01723289247159,-3.14659982919693,-2.75284424055617,0.510913902945984,3.09855027102212,145.01,145.01,Top 10%
137090731,-2.0174,0.392612905599879,-1.45230000466108,-1.02569569968707,-1.31299218441717,3.84231224135251,185.81,195.62,Top 10%
124528039,-2.6786,-0.885348175498194,-3.13739985972643,-2.23378267840821,-0.117884821184703,1.39829031158536,151.79,151.79,Top 10%
4594140,-1.7446,-0.641916080545736,-1.86359991133213,-1.41670533062596,-0.832681046000131,1.24820050890923,131.74,131.74,Top 10%
10335670,-1.7446,-0.641916080545736,-1.86359991133213,-1.41670533062596,-0.832681046000131,1.24820050890923,131.74,131.74,Top 10%
21732373,-2.1321,-0.863103353075174,-1.55779987573624,-1.51766774293714,-0.358238586401626,1.35481412864805,113.78,113.78,Top 10%
21856228,-2.1321,-0.863103353075174,-1.55779987573624,-1.51766774293714,-0.358238586401626,1.35481412864805,113.78,113.78,Top 10%
162367440,-2.1321,-0.863103353075174,-1.55779987573624,-1.51766774293714,-0.358238586401626,1.35481412864805,113.78,113.78,Top 10%
453782,-2.2095,-0.986758874553706,-1.49689992517233,-1.56438626657535,-0.19617593099671,2.14153890901816,119.57,119.57,Top 10%
71410527,-1.4588,-0.433903769595164,-0.977699883282185,-0.956801217625782,-1.07237995496771,1.20339037053158,113.78,139.08,Top 10%
131843751,-1.152,0.149731005482521,-0.663899846374989,-0.555389613630823,-1.56557960814021,1.29651969279551,113.42,113.42,Top 10%
135398597,-2.4547,0.10114690571906,-1.66959998011589,-1.34105102479894,-0.891001023572141,3.88034099249188,185.81,195.62,Top 10%
137287473,-2.4547,0.10114690571906,-1.66959998011589,-1.34105102479894,-0.980281023572141,3.88034099249188,185.81,195.62,Top 10%
135596592,-2.4547,0.10114690571906,-1.66959998011589,-1.34105102479894,-0.891001023572141,3.88034099249188,185.81,195.62,Top 10%
54343230,-2.0422,-0.718758874553706,-1.87379986792803,-1.54491958082724,-0.547265810905892,2.17394953686026,124.78,124.78,Top 10%
16655024,-2.3616,-1.11180808478885,-1.5912998765707,-1.68823598711985,-0.524044224938823,3.07972716114979,154.24,196.14,Top 10%
472172,-0.596799999999999,-0.328794759898173,-1.47649986832403,-0.800698209407399,-0.811815442671264,1.30603394865514,104.55,104.55,Top 10%
122879,-0.596799999999999,-0.328794759898173,-1.47649986832403,-0.800698209407399,-0.811815442671264,1.30603394865514,104.55,104.55,Top 10%
89341487,-0.596799999999999,-0.328794759898173,-1.47649986832403,-0.800698209407399,-0.811815442671264,1.30603394865514,104.55,104.55,Top 10%
58859108,-0.596799999999999,-0.328794759898173,-1.47649986832403,-0.800698209407399,-0.811815442671264,1.30603394865514,104.55,104.55,Top 10%
99692,-0.9905,-0.528083430154121,-1.5023998671677,-1.00699443244061,-0.648825863886219,1.25069414495336,113.78,113.78,Top 10%
10019998,-1.1489,-0.889598117393902,-0.856399875599891,-0.964965997664597,-1.01417359762077,2.15572289624653,134.01,175.91,Top 10%
135771852,-1.9746,-0.187971192183338,-2.38439995795488,-1.51565705004607,-0.755944442050633,3.88034099249188,205.33,205.33,Top 10%
53774252,-2.8986,-1.9953636231334,-3.39679983258247,-2.76358781857196,0.382249946088938,2.03632586161531,168.15,168.15,Top 10%
58463488,-0.2496,-0.677696618966033,-1.18999988585711,-0.705765501607713,-1.50103874188425,1.4239907009387,99.1,99.1,Top 10%
3003718,-2.2365,-1.55782649119558,-3.19079983979464,-2.3283754436634,0.098152557902403,3.24409984841398,140.57,172.66,Top 10%
136921541,-1.9745,-0.235916080545735,-1.91409996151924,-1.37483868068833,-0.655856501056847,2.9134114530417,148.51,148.51,Top 10%
453036,,-0.422384047912866,0.17620012909174,-0.123091959410563,-1.38019418016907,0.606657915709718,133.08,133.08,Top 10%
13832606,-2.9026,-0.7199628404578,-3.22970001399517,-2.28408761815099,-0.150786050146069,4.94108001128409,174.67,174.67,Top 10%
270262,-2.9026,-0.7199628404578,-3.22970001399517,-2.28408761815099,-0.150786050146069,4.94108001128409,174.67,174.67,Top 10%
156588443,-3.3127,-1.45895674986764,-3.75672981888056,-2.84279552291606,0.32898009290375,2.98592239390585,141.48,141.48,Top 10%
381335,-0.918700000000001,-0.265124099476021,-0.448299877345562,-0.544041325607195,-0.992175320028606,0.548364824156142,105.91,105.91,Top 10%
5468297,-0.918700000000001,-0.265124099476021,-0.448299877345562,-0.544041325607195,-0.992175320028606,0.548364824156142,105.91,105.91,Top 10%
6367704,-0.918700000000001,-0.265124099476021,-0.448299877345562,-0.544041325607195,-0.992175320028606,0.548364824156142,105.91,105.91,Top 10%
495778,-0.918700000000001,-0.265124099476021,-0.448299877345562,-0.544041325607195,-0.992175320028606,0.548364824156142,105.91,105.91,Top 10%
516466,-2.6869,-1.41013211751308,-2.23429990559816,-2.11044400770375,0.0989081413464028,3.01538269577859,147.64,147.64,Top 10%
3995254,-1.122,-0.969162618846852,-1.35749986767769,-1.14955416217485,-0.521889411450656,1.36633043352894,99.1,99.1,Top 10%
157173,-1.122,-0.969162618846852,-1.35749986767769,-1.14955416217485,-0.521889411450656,1.36633043352894,99.1,99.1,Top 10%
165328,-1.122,-0.969162618846852,-1.35749986767769,-1.14955416217485,-0.521889411450656,1.36633043352894,99.1,99.1,Top 10%
7275412,-1.122,-0.969162618846852,-1.35749986767769,-1.14955416217485,-0.521889411450656,1.36633043352894,99.1,99.1,Top 10%
45040528,-1.122,-0.969162618846852,-1.35749986767769,-1.14955416217485,-0.539961411450656,1.36633043352894,99.1,99.1,Top 10%
57177698,-1.122,-0.969162618846852,-1.35749986767769,-1.14955416217485,-0.521889411450656,1.36633043352894,99.1,99.1,Top 10%
7275411,-1.122,-0.969162618846852,-1.35749986767769,-1.14955416217485,-0.521889411450656,1.36633043352894,99.1,99.1,Top 10%
1265891,-1.122,-0.969162618846852,-1.35749986767769,-1.14955416217485,-0.521889411450656,1.36633043352894,99.1,99.1,Top 10%
77520542,-1.122,-0.969162618846852,-1.35749986767769,-1.14955416217485,-0.533847411450656,1.36633043352894,99.1,99.1,Top 10%
451453,-1.0711,-0.238429534975858,-0.733299925923347,-0.680943153633068,-0.81328545137865,2.15927980306586,110.34,110.34,Top 10%
6573504,-3.4446,-2.0173012283891,-3.35799989849329,-2.93996704229413,0.454837127352128,3.96385652021187,167.87,167.87,Top 10%
136250551,-2.8125,-0.318412644180832,-2.04469997435808,-1.72520420617964,-0.69784828091133,3.76691722101609,195.04,204.85,Top 10%
159338,-1.7863,-0.788774013497326,-1.48939987272024,-1.35482462873919,-0.475251707655002,1.3605693660668,104.55,104.55,Top 10%
119051,-1.9199,-0.986758874553706,-1.46329986304045,-1.45665291253138,-0.276822878703218,1.30308371403265,113.78,113.78,Top 10%
5271958,-2.8391,-1.72576689259077,-2.75649982690811,-2.44045557316629,0.309936167777408,3.01538269577859,145.01,145.01,Top 10%
72628785,-1.4116,-0.969162618846852,-1.39109992980957,-1.25728751621881,-0.441242463744147,2.23574707540732,104.89,104.89,Top 10%
9859640,-1.4116,-0.969162618846852,-1.39109992980957,-1.25728751621881,-0.441242463744147,2.23574707540732,104.89,104.89,Top 10%
136190395,-2.2685,-0.516956749867636,-2.58869992941618,-1.79138555976127,-0.380901278668534,3.9169541365899,151.31,151.31,Top 10%
68655403,-3.8818,-1.43694564240263,-2.78859991580248,-2.7024485194017,0.201939272464782,4.83063200503034,197.59,207.4,Top 10%
150623,-1.7885,-0.274296887235266,-1.11889994889498,-1.06056561204341,-0.72552746524187,1.29651969279551,133.48,133.48,Top 10%
23399682,0.0607000000000006,0.487628995789545,-0.45029985695146,0.032676379612695,-1.64271740745121,1.1558125419296,104.55,104.55,Top 10%
352713,-1.1212,-1.16437043706535,-1.68299987912178,-1.32285677206238,-0.50555740018871,1.35481412864805,108.33,108.33,Top 10%
131874082,-1.1212,-1.16437043706535,-1.68299987912178,-1.32285677206238,-0.50555740018871,1.35481412864805,108.33,108.33,Top 10%
3007771,-1.3478,-0.528083430154121,-1.1547998690512,-1.01022776640177,-0.746581930117168,1.25069414495336,113.78,113.78,Top 10%
2735432,,-1.40889090431261,-0.504199869930744,-0.956545387121677,-0.615717501337555,0.647019614359211,127.4,127.4,Top 10%
135438476,,-0.793367431445885,-1.49779994785786,-1.14558368965187,-0.896719464836146,3.003031729797,188.04,188.04,Top 10%
91668447,-0.6074,-1.14498528922198,-1.5650998800993,-1.10582838977376,-1.30357509749701,1.35481412864805,108.33,108.33,Top 10%
515215,-1.1017,-0.610176446395793,-0.359499871730804,-0.690458772708865,-1.1327044688829,1.20271492555157,117.69,117.69,Top 10%
493224,-1.845,-1.10059009935684,-1.58611987147015,-1.51056999027566,-0.32510442674869,1.3605693660668,128.34,128.34,Top 10%
7059457,-0.7815,-0.238429534975858,-0.699699863791466,-0.573209799589108,-0.893932399085158,1.30603394865514,104.55,104.55,Top 10%
66377,-0.7815,-0.238429534975858,-0.699699863791466,-0.573209799589108,-0.893932399085158,1.30603394865514,104.55,104.55,Top 10%
1814,-0.7815,-0.238429534975858,-0.699699863791466,-0.573209799589108,-0.893932399085158,1.30603394865514,104.55,104.55,Top 10%
12922945,-0.7815,-0.238429534975858,-0.699699863791466,-0.573209799589108,-0.893932399085158,1.30603394865514,104.55,104.55,Top 10%
2783891,-0.7815,-0.238429534975858,-0.699699863791466,-0.573209799589108,-0.893932399085158,1.30603394865514,104.55,104.55,Top 10%
133125648,-2.2058,-0.516956749867636,-3.47689987719059,-2.06655220901941,-0.369529909797673,2.98592239390585,153.59,153.59,Top 10%
6474236,-2.2058,-0.516956749867636,-3.47689987719059,-2.06655220901941,-0.369529909797673,2.98592239390585,153.59,153.59,Top 10%
515211,-0.1066,0.669721543911231,0.417420163750649,0.326847235887293,-2.01512652716033,1.15858023215393,104.55,132.79,Top 10%
452513,-0.905,-0.205139238419641,-0.608919899794273,-0.573019712737971,-0.987704319359848,0.592484196947549,108.11,108.11,Top 10%
122622,,-0.975505569272216,-0.119399860501289,-0.547452714886753,-0.977747815868593,0.60009523877155,133.08,133.08,Top 10%
23531406,-2.9634,0.0181136879761228,-1.48679998517036,-1.47736209906475,-0.998472241710603,2.82369328331576,189.15,198.96,Top 10%
13711969,,-0.279378538910894,0.408900126814842,0.0647607939519742,-1.37068399100267,-0.0567602940628378,139.15,139.15,Top 10%
137699423,-1.4277,-1.05295674986764,-2.74492985010147,-1.7418621999897,-0.329007633207146,2.10882051262456,139.83,139.83,Top 10%
94312,-2.3508,-2.02087729346509,-2.63269985467196,-2.33479238271235,0.288845913602371,2.29340734281707,119.33,119.33,Top 10%
77520540,-2.3508,-2.02087729346509,-2.63269985467196,-2.33479238271235,0.288845913602371,2.29340734281707,119.33,119.33,Top 10%
124304833,-2.3508,-2.02087729346509,-2.63269985467196,-2.33479238271235,0.288845913602371,2.29340734281707,119.33,119.33,Top 10%
156588711,-2.3508,-2.02087729346509,-2.63269985467196,-2.33479238271235,0.253031913602371,2.29340734281707,119.33,119.33,Top 10%
373406,-0.9799,-0.0966868528197262,-0.486099891364574,-0.520895581394767,-0.938178466512031,0.548364824156142,93.55,93.55,Top 10%
53965369,-3.1455,-2.17745617125508,-3.60499981790781,-2.97598532972096,0.51753381882635,2.88920052621371,171.31,171.31,Top 10%
146066,-3.1455,-2.17745617125508,-3.60499981790781,-2.97598532972096,0.51753381882635,2.88920052621371,171.31,171.31,Top 10%
16133029,-1.4806,-1.19936743144589,-1.7035999968648,-1.46118914277023,-0.795505169700071,2.97499255035967,182.65,182.65,Top 10%
86306492,-3.5636,-1.82582649119558,-3.10099981725216,-2.83014210281591,0.632738619354244,3.28969861202037,139.52,139.52,Top 10%
131877226,-1.9522,-0.894330201626768,-1.8619999405928,-1.56951004740652,-0.492860027099874,2.15572289624653,153.71,162.09,Top 10%
454139,-1.0202,-0.159280869897071,-0.690299920737743,-0.623260263544938,-0.913297377099813,0.695608978048113,93.55,93.55,Top 10%
454138,-1.0202,-0.159280869897071,-0.690299920737743,-0.623260263544938,-0.913297377099813,0.695608978048113,93.55,93.55,Top 10%
10015599,-0.1191,0.55399630847727,0.270400062203407,0.235098790226892,-1.59299856041746,-0.0252108578710494,81.16,81.16,Top 10%
451833,-1.1597,-0.723091448191184,-0.98089986294508,-0.954563770378754,-0.693332743357144,1.24961730917354,130.85,130.85,Top 10%
135408506,-2.3213,-1.02334817549819,-3.42079996317625,-2.25514937955815,-0.0912963305866445,4.05915365004828,172.4,172.4,Top 10%
135763231,-2.3213,-1.02334817549819,-3.42079996317625,-2.25514937955815,-0.0912963305866445,4.05915365004828,172.4,172.4,Top 10%
6483689,-2.3279,-1.32895674986764,-2.77189985662699,-2.14291886883154,-0.0552143050309093,4.8392275438165,154.63,186.72,Top 10%
10589260,-1.296,-0.705718205231806,-1.48289983719587,-1.16153934747589,-0.66581169285173,2.07555209243892,124.78,124.78,Top 10%
54444717,-2.7156,-1.45391608054574,-2.57579983770847,-2.24843863941807,0.108616415756142,2.04885716363551,151.08,151.08,Top 10%
121487889,-0.370199999999999,-0.338489133580669,-0.655299887061119,-0.454663006880596,-1.01020387322487,1.49438745077486,108.21,133.51,Top 10%
398256,,-0.569505569272216,0.0857001394033432,-0.241902714934436,-1.1897995158355,0.60009523877155,133.08,133.08,Top 10%
102063598,-2.789,-2.23182649119558,-3.3366998359561,-2.78584210905056,0.608054423681088,3.28969861202037,148.53,148.53,Top 10%
145711906,-1.9922,-1.0859906107645,-1.83159986138344,-1.63659682404931,-0.195521804109777,2.29340734281707,115.41,115.41,Top 10%
135398692,-1.445,-0.782404292455295,-1.39989989995956,-1.20910139747162,-0.776458175609241,2.09366730201316,159.79,159.79,Top 10%
125478223,-0.398900000000001,-0.12338141731989,-0.659399874508381,-0.393893763942757,-1.21019772782373,1.29989286716403,121.62,121.62,Top 10%
54424807,-2.9727,-0.972496840576981,-3.59359987080097,-2.51293223712598,0.0101149725654339,3.87595201707399,168.62,168.62,Top 10%
148264,-1.9119,-1.20523289247159,-1.62009985744953,-1.57907758330704,-0.203680157184914,2.19326932363356,134.01,134.01,Top 10%
5273980,-0.9688,-0.174758874553706,-1.22759986668825,-0.790386247080653,-0.821211944526026,1.30308371403265,117.44,117.44,Top 10%
171185,-0.876799999999999,-0.460440446058232,-1.23067996650934,-0.855973470855858,-1.43336441122603,1.16231147225869,127.04,127.04,Top 10%
92266931,-0.876799999999999,-0.460440446058232,-1.23067996650934,-0.855973470855858,-1.43336441122603,1.16231147225869,127.04,127.04,Top 10%
3010090,-2.0946,-0.72201786367784,-1.32359988242388,-1.38007258203391,-0.00148962806846864,1.49438745077486,104.55,104.55,Top 10%
3036202,-1.6855,0.0403068066982784,-0.900799915194511,-0.848664369498745,-1.11864692756787,2.20262527986851,134.01,175.91,Top 10%
135517354,-2.2723,-0.15773157292159,-1.68799992650747,-1.37267716647635,-0.979367046465409,2.94852874461785,180.02,189.83,Top 10%
14530807,-2.1615,-0.594389435356953,-1.64109987020493,-1.46566310185396,-0.462389807313351,1.29651969279551,130.85,130.85,Top 10%
53901126,-1.1248,-0.238429534975858,-0.870899893343449,-0.744709809439769,-0.9973713922488,1.3605693660668,104.55,104.55,Top 10%
451842,,0.131703112764734,0.770600102841854,0.451151607803294,-1.99459921581549,0.617247114515643,133.08,133.08,Top 10%
16226669,-2.4314,-1.82582649119558,-3.03699985146523,-2.43140878088693,0.362077693935533,2.35106761022682,137.67,137.67,Top 10%
7035901,-2.4314,-1.82582649119558,-3.03699985146523,-2.43140878088693,0.362077693935533,2.35106761022682,137.67,137.67,Top 10%
25796514,-2.4314,-1.82582649119558,-3.03699985146523,-2.43140878088693,0.362077693935533,2.35106761022682,137.67,137.67,Top 10%
12358445,-2.4314,-1.82582649119558,-3.03699985146523,-2.43140878088693,0.362077693935533,2.35106761022682,137.67,137.67,Top 10%
59116124,-2.4314,-1.82582649119558,-3.03699985146523,-2.43140878088693,0.362077693935533,2.35106761022682,137.67,137.67,Top 10%
5901,-2.4314,-1.82582649119558,-3.03699985146523,-2.43140878088693,0.362077693935533,2.35106761022682,137.67,137.67,Top 10%
451480,-0.375400000000001,0.644361533399585,0.063800074160099,0.110920535853228,-1.51893885188214,0.64128866067453,84.32,84.32,Top 10%
60708,-0.375400000000001,0.644361533399585,0.063800074160099,0.110920535853228,-1.51893885188214,0.64128866067453,84.32,84.32,Top 10%
121487302,-0.375400000000001,0.644361533399585,0.063800074160099,0.110920535853228,-1.52496285188214,0.64128866067453,84.32,84.32,Top 10%
136088499,-2.7003,-0.808422749748454,-2.84940001368523,-2.11937425447789,-0.173704267392341,5.00221668956921,165.3,165.3,Top 10%
135462125,-2.7003,-0.808422749748454,-2.84940001368523,-2.11937425447789,-0.173704267392341,5.00221668956921,165.3,165.3,Top 10%
135602246,-2.7003,-0.808422749748454,-2.84940001368523,-2.11937425447789,-0.173704267392341,5.00221668956921,165.3,165.3,Top 10%
135491415,-2.7003,-0.808422749748454,-2.84940001368523,-2.11937425447789,-0.173704267392341,5.00221668956921,165.3,165.3,Top 10%
135405922,-2.3219,-1.11685309428094,-2.58239996107295,-2.0070510184513,-0.617711593194799,4.78047503815375,188.97,230.87,Top 10%
10425238,-2.313,-1.38150556927222,-2.45679986895993,-2.05043514607738,-0.168978008622295,1.3490915893747,138.69,147.07,Top 10%
135438607,-2.0074,-0.756330201626768,-2.0098999068141,-1.59121003614696,-0.539890234914013,2.17394953686026,150.56,150.56,Top 10%
135452524,-2.0074,-0.756330201626768,-2.0098999068141,-1.59121003614696,-0.539890234914013,2.17394953686026,150.56,150.56,Top 10%
131882935,-1.9851,-1.0275981173939,-1.64969985187054,-1.55413265642148,-0.302991936443493,2.19326932363356,137.14,137.14,Top 10%
76844933,-0.9483,-0.822041097487501,-1.40949987620115,-1.05994699122955,-0.692016788086691,1.3605693660668,99.1,99.1,Top 10%
91668392,-0.9483,-0.822041097487501,-1.40949987620115,-1.05994699122955,-0.692016788086691,1.3605693660668,99.1,99.1,Top 10%
155982232,-0.9483,-0.822041097487501,-1.40949987620115,-1.05994699122955,-0.692016788086691,1.3605693660668,99.1,99.1,Top 10%
77174437,-0.9483,-0.822041097487501,-1.40949987620115,-1.05994699122955,-0.692016788086691,1.3605693660668,99.1,99.1,Top 10%
134715536,-0.492100000000001,-0.535953936809902,-1.01939987391233,-0.682484603574079,-0.938155685119588,1.30308371403265,99.1,99.1,Top 10%
21121800,-2.1532,-0.935895534856676,-1.43739986419678,-1.50883179968448,-0.260430731018967,1.36633043352894,104.55,104.55,Top 10%
13845302,-2.4481,-1.92125562737651,-3.05309987487271,-2.47415183408307,0.123141372853654,1.39032446003945,160.81,169.19,Top 10%
9814370,-0.858599999999998,0.0159165698458787,-0.518999874591827,-0.453894434915316,-1.04479726216877,0.508260471288382,110.62,110.62,Top 10%
92268298,-2.685,-1.00298295057588,-2.1404999345541,-1.94282762837666,-0.135177625906598,3.11378014019992,176.65,176.65,Top 10%
10730026,-1.3658,-0.114774013497326,-0.5285998955369,-0.669724636344742,-0.850711102376749,0.592484196947549,93.55,93.55,Top 10%
3246700,,-0.569505569272216,0.228200137615204,-0.170652715828506,-1.23924701521502,0.60009523877155,133.08,133.08,Top 10%
5726,,-0.569505569272216,0.228200137615204,-0.170652715828506,-1.23924701521502,0.60009523877155,133.08,133.08,Top 10%
455007,,-0.569505569272216,0.228200137615204,-0.170652715828506,-1.23924701521502,0.60009523877155,133.08,133.08,Top 10%
49849901,,-0.569505569272216,0.228200137615204,-0.170652715828506,-1.26327701521502,0.60009523877155,133.08,133.08,Top 10%
71313574,,-0.569505569272216,0.228200137615204,-0.170652715828506,-1.25731901521502,0.60009523877155,133.08,133.08,Top 10%
451515,,-0.569505569272216,0.228200137615204,-0.170652715828506,-1.23924701521502,0.60009523877155,133.08,133.08,Top 10%
35370,,-0.569505569272216,0.228200137615204,-0.170652715828506,-1.23924701521502,0.60009523877155,133.08,133.08,Top 10%
51346748,,-0.569505569272216,0.228200137615204,-0.170652715828506,-1.23924701521502,0.60009523877155,133.08,133.08,Top 10%
56846050,,-0.569505569272216,0.228200137615204,-0.170652715828506,-1.25120501521502,0.60009523877155,133.08,133.08,Top 10%
16398721,,-0.569505569272216,0.228200137615204,-0.170652715828506,-1.23924701521502,0.60009523877155,133.08,133.08,Top 10%
11043760,,-0.569505569272216,0.228200137615204,-0.170652715828506,-1.24518701521502,0.60009523877155,133.08,133.08,Top 10%
119025583,,-0.569505569272216,0.228200137615204,-0.170652715828506,-1.26334301521502,0.60009523877155,133.08,133.08,Top 10%
139025114,-2.8304,-0.16685309428094,-1.86299992352724,-1.62008433926939,-0.794446251155735,3.88034099249188,186.07,195.88,Top 10%
94136,-2.8304,-0.16685309428094,-1.86299992352724,-1.62008433926939,-0.764656251155736,3.88034099249188,186.07,195.88,Top 10%
22803666,-2.8304,-0.16685309428094,-1.86299992352724,-1.62008433926939,-0.764656251155736,3.88034099249188,186.07,195.88,Top 10%
7264507,-2.8304,-0.16685309428094,-1.86299992352724,-1.62008433926939,-0.764656251155736,3.88034099249188,186.07,195.88,Top 10%
11119722,-0.742499999999999,0.161942475173861,-0.350599892437458,-0.310385805754532,-1.16215225080635,0.606657915709718,139.37,139.37,Top 10%
135538690,-2.2495,-0.963387094400122,-3.11759991943836,-2.11016233794616,-0.337417772247972,4.78773599295737,196.81,196.81,Top 10%
14071470,-1.6006,-0.261895534856676,-1.23469989001751,-1.03239847495806,-0.722775458379105,1.41510478347846,104.55,104.55,Top 10%
137019865,-0.166399999999997,1.05917385566589,-1.19239990413189,-0.0998753494886659,-1.83881317412153,0.450489229419291,136.32,136.32,Top 10%
131858702,-1.4838,-0.182063524661697,-1.56439987570047,-1.07675446678739,-1.44445240004955,4.61467993091038,175.3,207.39,Top 10%
374121,,-0.323248341121023,0.529000140726566,0.102875899802772,-2.18923587446312,1.28940288634531,153.31,153.31,Top 10%
3036983,-4.2512,-1.55934817549819,-2.49339994043112,-2.76798270530977,0.321539997484981,4.01075890383385,174.91,184.72,Top 10%
137176536,-2.3131,-0.29659152494532,-3.75609987974167,-2.121930468229,-0.177360255049076,3.9169541365899,148.17,148.17,Top 10%
135602211,-2.3131,-0.29659152494532,-3.75609987974167,-2.121930468229,-0.177360255049076,3.9169541365899,148.17,148.17,Top 10%
146674683,-1.8362,-1.34442274974845,-3.39902983605862,-2.19321752860236,-0.0315870351499634,3.06458141798926,150.83,150.83,Top 10%
146681747,-1.8362,-1.34442274974845,-3.39902983605862,-2.19321752860236,-0.0315870351499634,3.06458141798926,150.83,150.83,Top 10%
135398596,-3.1223,0.10114690571906,-2.93360003829002,-1.98491771085699,-0.432037543447859,2.12211788576127,191.47,201.28,Top 10%
136259535,-3.1223,0.10114690571906,-2.93360003829002,-1.98491771085699,-0.432037543447859,2.12211788576127,191.47,201.28,Top 10%
71407741,-3.6054,-2.45659152494532,-3.78569980710745,-3.28256377735092,0.798359261481541,3.9169541365899,165.24,165.24,Top 10%
451414,0.1585,0.662448694077184,0.277500107884407,0.366149600653864,-1.55778782285378,0.537948779535887,84.32,84.32,Top 10%
122621,,-0.828384047912866,-0.171399869024754,-0.49989195846881,-1.11869498082265,0.606657915709718,133.08,133.08,Top 10%
452188,,-0.828384047912866,-0.171399869024754,-0.49989195846881,-1.11869498082265,0.606657915709718,133.08,133.08,Top 10%
44593585,,-0.483598117393902,-0.55589984357357,-0.519748980483736,-0.903034207544286,1.35481412864805,131.01,131.01,Top 10%
11346304,-1.9187,-0.279442859866533,-1.11129995435476,-1.10314760474043,-0.621915562310139,2.24499973824897,156.42,156.42,Top 10%
483924,0.421200000000002,0.667561116879595,0.653000123798847,0.580587080226148,-1.95944743367695,1.20149542274269,95.32,120.62,Top 10%
92979558,-1.5955,-0.986758874553706,-1.46489986032248,-1.34905291162539,-0.451497279331976,1.30308371403265,113.78,113.78,Top 10%
134694010,-1.5955,-0.986758874553706,-1.46489986032248,-1.34905291162539,-0.451497279331976,1.30308371403265,113.78,113.78,Top 10%
124301946,-1.5955,-0.986758874553706,-1.46489986032248,-1.34905291162539,-0.451497279331976,1.30308371403265,113.78,113.78,Top 10%
92131910,-1.5955,-0.986758874553706,-1.46489986032248,-1.34905291162539,-0.451497279331976,1.30308371403265,113.78,113.78,Top 10%
191372,-1.5955,-0.986758874553706,-1.46489986032248,-1.34905291162539,-0.451497279331976,1.30308371403265,113.78,113.78,Top 10%
92979557,-1.5955,-0.986758874553706,-1.46489986032248,-1.34905291162539,-0.451497279331976,1.30308371403265,113.78,113.78,Top 10%
6481837,-1.6503,-0.705718205231806,-1.54809983819723,-1.30137268114301,-0.462887359286749,1.25069414495336,107.79,107.79,Top 10%
152475,-0.0841999999999998,-0.608238429321335,-1.47849989682436,-0.723646108715232,-1.03540960055163,1.39032446003945,166.88,166.88,Top 10%
42624707,-1.305,-0.265124099476021,-0.909099876880646,-0.826407992118889,-0.70209285346949,0.548364824156142,110.62,110.62,Top 10%
3006944,-1.445,-0.376111371112237,-3.11429992318153,-1.64513709809792,-0.43601485392004,3.06458141798926,132.77,132.77,Top 10%
92253117,-2.2813,-2.02642274974845,-2.40609990060329,-2.23794088345058,0.175570973114705,3.06458141798926,156.87,156.87,Top 10%
57358089,-2.2813,-2.02642274974845,-2.40609990060329,-2.23794088345058,0.175570973114705,3.06458141798926,156.87,156.87,Top 10%
92247583,-2.9322,-1.98761020947492,-2.80879983305931,-2.57620334751141,0.468505123172919,3.23203834461062,135.64,135.64,Top 10%
15047,-2.9322,-1.98761020947492,-2.80879983305931,-2.57620334751141,0.468505123172919,3.23203834461062,135.64,135.64,Top 10%
139025195,-2.9322,-1.98761020947492,-2.80879983305931,-2.57620334751141,0.450667123172919,3.23203834461062,135.64,135.64,Top 10%
379817,-1.527,-0.466224874434524,-1.19179993122816,-1.06167493522089,-0.560877594956698,2.21381522047752,119.57,119.57,Top 10%
190488,-1.527,-0.466224874434524,-1.19179993122816,-1.06167493522089,-0.560877594956698,2.21381522047752,119.57,119.57,Top 10%
511015,-1.4043,-0.505549187496753,-2.70419985800982,-1.53801634850219,-0.80334165413948,1.98314764214514,153.8,153.8,Top 10%
3908006,,-0.872890904312611,-0.161899864673615,-0.517395384493113,-0.914427603161779,0.647019614359211,133.08,133.08,Top 10%
452029,,-0.872890904312611,-0.161899864673615,-0.517395384493113,-0.91442760316178,0.647019614359211,133.08,133.08,Top 10%
55262,,-0.872890904312611,-0.161899864673615,-0.517395384493113,-0.91442760316178,0.647019614359211,133.08,133.08,Top 10%
6473718,,-0.872890904312611,-0.161899864673615,-0.517395384493113,-0.914427603161779,0.647019614359211,133.08,133.08,Top 10%
90673693,-1.7568,-1.26709144819118,-2.53159984736703,-1.85183043185274,-0.158509680294198,2.06191812900259,134.01,134.01,Top 10%
71302445,-2.1572,-0.938422749748454,-3.64229998737574,-2.24597424570806,0.0109061265213968,4.00995492783762,159.12,159.12,Top 10%
136706893,,-0.692392981226596,-2.17779993265867,-1.43509645694263,-0.78797349366442,3.88034099249188,208.27,208.27,Top 10%
90830681,-0.7135,-0.677696618966033,-0.703399881720543,-0.698198833562192,-0.819310009507838,0.537948779535887,88.1,88.1,Top 10%
6481572,-1.8102,-1.07712409947602,-1.19601986918133,-1.36111465621912,-0.413006428583933,1.30308371403265,128.34,128.34,Top 10%
100652,-0.7609,-0.118268994517479,-0.727099865674973,-0.535422953397484,-1.28897647034215,1.24961730917354,113.42,113.42,Top 10%
483943,-1.438,-0.667895534856676,-0.789199888706207,-0.965031807854294,-0.730247925349119,1.3605693660668,104.55,129.85,Top 10%
125494577,-2.8688,-0.4519628404578,-1.58459996432066,-1.63512093492615,-0.665246071161249,3.96557229382929,177.36,187.17,Top 10%
136821128,-2.0309,-0.922956749867636,-3.38629988580942,-2.11338554522569,-0.269373288756231,3.9169541365899,150.5,150.5,Top 10%
135897000,-2.0309,-0.922956749867636,-3.38629988580942,-2.11338554522569,-0.269373288756231,3.9169541365899,150.5,150.5,Top 10%
137108250,-2.0309,-0.922956749867636,-3.38629988580942,-2.11338554522569,-0.269373288756231,3.9169541365899,150.5,150.5,Top 10%
135920662,-2.0309,-0.922956749867636,-3.38629988580942,-2.11338554522569,-0.269373288756231,3.9169541365899,150.5,150.5,Top 10%
135445750,-2.0309,-0.922956749867636,-3.38629988580942,-2.11338554522569,-0.269373288756231,3.9169541365899,150.5,150.5,Top 10%
135897124,-2.0309,-0.922956749867636,-3.38629988580942,-2.11338554522569,-0.269373288756231,3.9169541365899,150.5,150.5,Top 10%
9813340,-0.942500000000001,-0.427280869897071,-0.866699889302254,-0.745493586399775,-0.706007451038555,0.634446342518557,93.55,93.55,Top 10%
451593,-0.942500000000001,-0.427280869897071,-0.866699889302254,-0.745493586399775,-0.706007451038555,0.634446342518557,93.55,93.55,Top 10%
5270780,-1.6355,-0.705718205231806,-1.50999987125397,-1.28373935882859,-0.703464884972957,2.12475081464959,124.78,124.78,Top 10%
483921,0.215000000000003,0.395746681242953,0.262900121510029,0.291215600917661,-1.67444362703686,1.25135329941724,95.32,120.62,Top 10%
137128751,-0.836,-0.0588642017459495,-0.919999934732914,-0.604954712159621,-1.29180428690408,0.565429302010042,128.56,128.56,Top 10%
71023056,-1.3798,-0.529895534856676,-1.25119984894991,-1.05363179460219,-0.570459534546076,1.36633043352894,96.35,96.35,Top 10%
146160048,,-1.96534817549819,-1.99469983577728,-1.98002400563774,-0.103483340087409,2.22314825907093,168.09,168.09,Top 10%
138058736,,-1.96534817549819,-1.99469983577728,-1.98002400563774,-0.103483340087409,2.22314825907093,168.09,168.09,Top 10%
137699191,,-1.96534817549819,-1.99469983577728,-1.98002400563774,-0.103483340087409,2.22314825907093,168.09,168.09,Top 10%
146013455,-2.9727,-1.37849684057698,-2.95769986510277,-2.43629890189325,-0.0430685620860838,3.87595201707399,168.62,168.62,Top 10%
10403633,-0.1136,0.287731005482521,-0.300099901854992,-0.0419896321241568,-1.53729919530583,0.518526918388071,110.62,110.62,Top 10%
161746,-2.2849,-1.98761020947492,-2.38179986923933,-2.21810335957142,0.214103731542564,2.29340734281707,132.99,132.99,Top 10%
131852043,-1.9102,-0.361918207540307,-1.49179991334677,-1.25463937362902,-0.552220274701456,3.24409984841398,159.58,159.58,Top 10%
137198957,-2.3399,-0.544346425078222,-3.15469986200333,-2.01298209569385,-0.567535425588467,2.86625225008842,167.25,167.25,Top 10%
3010410,-3.9953,-0.602057916365619,-3.11790000647306,-2.57175264094623,0.0955963328166827,2.18328757876846,183.02,192.83,Top 10%
91490554,-1.4914,-0.926347203255689,-2.05979987978935,-1.49251569434835,-0.301454108122247,1.48165096834845,117.44,117.44,Top 10%
488244,-1.227,-0.433903769595164,-0.855899885296822,-0.838934551630661,-0.99633942116832,1.24961730917354,113.78,113.78,Top 10%
136745025,-2.0022,-0.516956749867636,-2.1616999655962,-1.56028557182128,-0.54716467029889,2.98592239390585,148.51,148.51,Top 10%
135406950,-2.0022,-0.516956749867636,-2.1616999655962,-1.56028557182128,-0.54716467029889,2.98592239390585,148.51,148.51,Top 10%
136441961,-2.0022,-0.516956749867636,-2.1616999655962,-1.56028557182128,-0.54716467029889,2.98592239390585,148.51,148.51,Top 10%
135404725,-2.0022,-0.516956749867636,-2.1616999655962,-1.56028557182128,-0.55312267029889,2.98592239390585,148.51,148.51,Top 10%
90356982,-2.233,-1.26709144819118,-2.15979983657599,-1.88663042825572,-0.146478482790528,2.06191812900259,141.85,141.85,Top 10%
44421198,-0.543100000000001,0.310611134346043,-0.303599908947945,-0.178696258200634,-1.62462479680876,1.24961730917354,104.55,155.15,Top 10%
54359085,-2.1321,-0.863103353075174,-1.55779987573624,-1.51766774293714,-0.358238586401626,1.35481412864805,113.78,113.78,Top 10%
44292127,-1.9737,-0.833280869897071,-1.51349993050098,-1.44016026679935,-0.218028774841249,2.32042243386743,110.34,110.34,Top 10%
122107,-1.9737,-0.833280869897071,-1.51349993050098,-1.44016026679935,-0.218028774841249,2.32042243386743,110.34,110.34,Top 10%
135440620,-2.3893,-0.639363623133395,-2.63839986175299,-1.88902116162879,-0.479069748612225,2.88920052621371,162.59,162.59,Top 10%
71352233,-0.821199999999999,-0.466224874434524,-0.592499874532223,-0.626641582988916,-0.868670741405692,1.3605693660668,113.78,113.78,Top 10%
121011373,-1.3911,-0.796083430154121,-0.829999879002571,-1.0057277697189,-0.754244927815084,1.24961730917354,121.62,146.92,Top 10%
21117472,-0.6154,0.0144917611489053,-0.570999830961227,-0.390636023270774,-1.65615859985008,1.24961730917354,113.42,113.42,Top 10%
21118337,-1.5273,-0.529895534856676,-1.12339992821217,-1.06019848768961,-0.565902249543408,2.23574707540732,110.34,110.34,Top 10%
453467,-1.5273,-0.529895534856676,-1.12339992821217,-1.06019848768961,-0.565902249543408,2.23574707540732,110.34,110.34,Top 10%
10922698,-1.5273,-0.529895534856676,-1.12339992821217,-1.06019848768961,-0.565902249543408,2.23574707540732,110.34,110.34,Top 10%
6573798,-1.5273,-0.529895534856676,-1.12339992821217,-1.06019848768961,-0.565902249543408,2.23574707540732,110.34,110.34,Top 10%
108074,-1.5273,-0.529895534856676,-1.12339992821217,-1.06019848768961,-0.565902249543408,2.23574707540732,110.34,110.34,Top 10%
193091,-3.2795,-2.19049684057698,-3.08019983023405,-2.85006555693701,0.514325496514286,2.95822159141935,171.31,171.31,Top 10%
